season,club,side,player_code,ppm_true,avail_true,cost,position,minutes_alloc
2024,ASV,club,10316,0.187395713002182,0.7941176470588235,0.9250293452386599,F,11.457352941176472
2024,ASV,club,10545,0.5653742731723012,0.9705882352941176,0.9250293452386599,C,21.328921568627454
2024,ASV,club,11225,0.3196878821405695,0.7647058823529411,1.5217595237025707,G,16.83627450980392
2024,ASV,club,12263,0.2044790652385589,0.14705882352941177,0.9250293452386599,F,1.0068627450980392
2024,ASV,club,12731,0.3631028791490923,0.4117647058823529,0.790609762294051,C,8.019117647058824
2024,ASV,club,13371,0.2662109901969601,1.0,0.9250293452386599,G,16.351470588235294
2024,ASV,club,13372,0.1862136556680823,0.17647058823529413,0.9250293452386599,F,3.000980392156863
2024,ASV,club,13377,0.2215657311669128,0.17647058823529413,0.9250293452386599,C,0.6637254901960785
2024,ASV,club,13405,0.4055622919945306,0.7352941176470589,0.9250293452386599,F,19.000490196078434
2024,ASV,club,2100,0.6358279167404335,0.9411764705882353,1.8011551454327555,G,19.38186274509804
2024,ASV,club,229,0.1179673321234119,0.6470588235294118,0.5645904901201819,G,9.723529411764707
2024,ASV,club,3526,0.1652119700748129,0.9705882352941176,0.5693094700079299,G,18.870588235294118
2024,ASV,club,4194,0.655112651646447,0.5588235294117647,1.2788495509902817,C,11.313725490196079
2024,ASV,club,7027,0.7456758488148623,0.9705882352941176,0.8065302332390644,G,26.78186274509804
2024,ASV,club,8991,0.3111315971421987,0.8235294117647058,0.6471217475715838,C,8.507843137254902
2024,ASV,club,9818,0.2891566265060241,0.2647058823529412,0.7951517751200377,F,3.458333333333334
2024,ASV,engine,11209,0.15316541865214434,0.7941176470588235,0.4374545366692682,F,0.0
2024,ASV,engine,12201,0.6597066776498397,0.9705882352941176,1.5831558137733386,F,27.408529
2024,ASV,engine,1518,0.21505376344086022,0.9411764705882353,0.39190589478996396,F,0.0
2024,ASV,engine,3196,0.6569832402234637,0.8529411764705882,1.4332501840449334,C,25.179616
2024,ASV,engine,3469,0.8047690014903129,0.9411764705882353,3.562017278840472,F,27.623572
2024,ASV,engine,4887,0.6385494678754433,1.0,1.3177388998654538,C,25.592786
2024,ASV,engine,6540,0.5786739365258989,0.8529411764705882,2.292834573125045,F,26.669088
2024,ASV,engine,848,0.4566338161540351,0.7647058823529411,1.44330778905155,G,25.955291
2024,ASV,engine,8829,0.532901251237735,1.0,1.2235386258793095,F,27.56091
2024,ASV,engine,8850,0.16432217104444166,0.4117647058823529,0.36967814771119006,F,0.0
2024,ASV,engine,8985,0.39459588144268537,0.7352941176470589,0.7250759375419125,G,14.010208
2024,ASV,engine,LUO,0.24261275272161742,0.29411764705882354,0.405818286021018,G,0.0
2024,BAR,club,10106,0.4725016049646907,0.7352941176470589,0.9250293452386599,G,11.453431372549021
2024,BAR,club,11666,0.412105602060528,0.4411764705882353,0.8348294033282778,G,2.2838235294117646
2024,BAR,club,12317,-0.5240174672489083,0.029411764705882353,0.9250293452386599,G,0.11225490196078428
2024,BAR,club,12745,0.4698529015571959,1.0,1.0015371498732026,F,27.29264705882353
2024,BAR,club,12795,0.4363217255289371,0.9411764705882353,0.6874054731072876,F,17.863235294117647
2024,BAR,club,13379,0.5884595390746837,0.7058823529411765,0.9250293452386599,C,14.144607843137257
2024,BAR,club,13505,1.1267605633802815,0.058823529411764705,0.9250293452386599,G,0.20882352941176469
2024,BAR,club,2939,0.4359179547656152,1.0,1.4352058020763736,G,23.27745098039216
2024,BAR,club,3196,0.6569832402234637,0.8529411764705882,1.4332501840449334,C,13.161764705882351
2024,BAR,club,3478,0.2630331753554502,0.9411764705882353,0.7068739012326695,F,16.549019607843135
2024,BAR,club,6435,0.601589103291714,0.11764705882352941,1.442858313359842,G,2.591176470588235
2024,BAR,club,6568,0.3968705547652916,0.7058823529411765,1.5618795789520536,C,6.892156862745098
2024,BAR,club,7464,0.3576289482329751,0.7647058823529411,0.5829453150161704,F,10.444607843137252
2024,BAR,club,925,0.5549420209828824,0.6470588235294118,1.9090449384189625,C,14.203921568627456
2024,BAR,club,9862,0.6138552585773411,0.9411764705882353,1.867398783763562,G,25.346078431372547
2024,BAR,club,9992,0.4686237543765149,0.9117647058823529,0.622482607940308,G,16.38088235294118
2024,BAR,engine,11209,0.15316541865214434,0.7941176470588235,0.4374545366692682,F,0.0
2024,BAR,engine,1133,0.6373845553483936,0.8235294117647058,2.015073464055126,F,27.477754
2024,BAR,engine,12201,0.6597066776498397,0.9705882352941176,1.5831558137733386,F,27.408529
2024,BAR,engine,1518,0.21505376344086022,0.9411764705882353,0.39190589478996396,F,0.0
2024,BAR,engine,3196,0.6569832402234637,0.8529411764705882,1.4332501840449334,C,25.179616
2024,BAR,engine,3469,0.8047690014903129,0.9411764705882353,3.562017278840472,F,27.623572
2024,BAR,engine,6540,0.5786739365258989,0.8529411764705882,2.292834573125045,F,26.669088
2024,BAR,engine,7200,0.6028482395084022,0.6764705882352942,2.6557768728535365,G,28.613482
2024,BAR,engine,8850,0.16432217104444166,0.4117647058823529,0.36967814771119006,F,0.0
2024,BAR,engine,8985,0.39459588144268537,0.7352941176470589,0.7250759375419125,G,10.629139
2024,BAR,engine,925,0.5549420209828825,0.6470588235294118,1.9090449384189625,C,26.398819
2024,BAR,engine,LUO,0.24261275272161742,0.29411764705882354,0.405818286021018,G,0.0
2024,BAS,club,10784,0.0,0.17647058823529413,0.9250293452386599,F,0.778921568627451
2024,BAS,club,10788,-0.1904761904761904,0.058823529411764705,0.9250293452386599,G,0.15441176470588236
2024,BAS,club,11085,0.5148546911681373,0.9705882352941176,0.6532034083534388,F,18.166176470588233
2024,BAS,club,11196,0.6675330004787635,1.0,1.1528254540529124,C,21.501470588235293
2024,BAS,club,11948,0.2755822899909071,0.9411764705882353,1.1658077764947083,G,21.025000000000002
2024,BAS,club,12058,0.3644778709864044,0.35294117647058826,0.9250293452386599,C,3.38921568627451
2024,BAS,club,12080,0.2929988691271717,0.7647058823529411,0.9870376205164361,F,19.072549019607845
2024,BAS,club,12201,0.6597066776498397,0.9705882352941176,1.5831558137733386,F,27.374019607843138
2024,BAS,club,12597,0.3007659256491687,0.7352941176470589,0.9250293452386599,G,15.744117647058824
2024,BAS,club,13367,0.4700017803097739,1.0,0.9250293452386599,G,24.780882352941177
2024,BAS,club,4058,0.1393467186095295,0.6470588235294118,0.5356920333036921,G,6.543137254901961
2024,BAS,club,7230,0.4719119534642379,0.7352941176470589,1.5214816627240557,F,17.94950980392157
2024,BAS,club,7579,0.5656240865244081,0.4411764705882353,0.9250293452386599,F,6.707843137254902
2024,BAS,club,8072,0.4019448946515397,0.9411764705882353,0.737986585864075,C,13.610294117647058
2024,BAS,club,8850,0.1643221710444417,0.4117647058823529,0.36967814771119006,F,3.9377450980392155
2024,BAS,engine,11209,0.15316541865214434,0.7941176470588235,0.4374545366692682,F,0.0
2024,BAS,engine,12201,0.6597066776498397,0.9705882352941176,1.5831558137733386,F,27.408529
2024,BAS,engine,1518,0.21505376344086022,0.9411764705882353,0.39190589478996396,F,0.0
2024,BAS,engine,3108,0.5302428341634527,0.9411764705882353,1.4016295014237008,F,26.856573
2024,BAS,engine,3196,0.6569832402234637,0.8529411764705882,1.4332501840449334,C,25.179616
2024,BAS,engine,4887,0.6385494678754433,1.0,1.3177388998654538,C,25.592786
2024,BAS,engine,6540,0.5786739365258989,0.8529411764705882,2.292834573125045,F,26.669088
2024,BAS,engine,7200,0.6028482395084022,0.6764705882352942,2.6557768728535365,G,28.613482
2024,BAS,engine,8829,0.532901251237735,1.0,1.2235386258793095,F,27.56091
2024,BAS,engine,8850,0.16432217104444166,0.4117647058823529,0.36967814771119006,F,0.0
2024,BAS,engine,8985,0.39459588144268537,0.7352941176470589,0.7250759375419125,G,12.119015
2024,BAS,engine,LUO,0.24261275272161742,0.29411764705882354,0.405818286021018,G,0.0
2024,BER,club,10791,0.6096090924745996,0.14705882352941177,0.9231627912137661,C,2.8465686274509805
2024,BER,club,11626,0.1457017969888295,0.14705882352941177,0.9250293452386599,F,1.0093137254901963
2024,BER,club,11631,0.1746689081143138,0.7941176470588235,0.7128820902287697,G,11.955392156862745
2024,BER,club,11934,0.5463264257578353,0.8235294117647058,0.7392201447737602,C,17.173529411764704
2024,BER,club,12099,-0.1694915254237288,0.058823529411764705,0.9250293452386599,F,0.1735294117647059
2024,BER,club,12100,0.0,0.14705882352941177,0.9250293452386599,G,0.6588235294117648
2024,BER,club,12604,0.5364610873431717,0.47058823529411764,0.9250293452386599,C,10.197549019607845
2024,BER,club,12721,0.4906542056074766,0.38235294117647056,0.7497128855888803,F,7.552941176470588
2024,BER,club,13386,0.6484424666242848,0.6470588235294118,0.9250293452386599,C,12.337254901960783
2024,BER,club,13774,0.3937405350832912,0.20588235294117646,0.9250293452386599,F,2.913235294117647
2024,BER,club,6251,0.227803738317757,0.9411764705882353,0.48655093343102024,F,18.462745098039218
2024,BER,club,6919,0.2691196594191881,0.6764705882352942,1.1420872544743683,F,12.89607843137255
2024,BER,club,7025,0.0336322869955156,0.8529411764705882,0.46971918563519044,G,11.368627450980393
2024,BER,club,7550,0.3406113537117904,0.4117647058823529,0.6716008237661992,G,5.612745098039215
2024,BER,club,8062,0.3674102349994035,0.6470588235294118,0.859764088980225,G,12.32794117647059
2024,BER,club,8173,0.426836528158114,0.7941176470588235,0.768463182281036,G,16.468627450980396
2024,BER,club,8211,0.3249183722226647,0.6764705882352942,0.5290231442009373,G,12.31078431372549
2024,BER,club,8384,0.3768867777118035,0.7647058823529411,0.7276067037497875,F,15.685784313725486
2024,BER,club,8780,0.4935594949623772,0.7058823529411765,0.6895952739553233,G,15.374509803921569
2024,BER,club,8967,0.4012518530719815,0.6176470588235294,0.8312155180314001,G,14.879901960784313
2024,BER,engine,11209,0.15316541865214434,0.7941176470588235,0.4374545366692682,F,0.0
2024,BER,engine,12201,0.6597066776498397,0.9705882352941176,1.5831558137733386,F,27.408529
2024,BER,engine,1518,0.21505376344086022,0.9411764705882353,0.39190589478996396,F,0.0
2024,BER,engine,3108,0.5302428341634527,0.9411764705882353,1.4016295014237008,F,26.856573
2024,BER,engine,3196,0.6569832402234637,0.8529411764705882,1.4332501840449334,C,25.179616
2024,BER,engine,3469,0.8047690014903129,0.9411764705882353,3.562017278840472,F,27.623572
2024,BER,engine,4887,0.6385494678754433,1.0,1.3177388998654538,C,25.592786
2024,BER,engine,8829,0.532901251237735,1.0,1.2235386258793095,F,27.56091
2024,BER,engine,8850,0.16432217104444166,0.4117647058823529,0.36967814771119006,F,0.0
2024,BER,engine,8985,0.39459588144268537,0.7352941176470589,0.7250759375419125,G,12.612849
2024,BER,engine,9863,0.4530581424616158,0.6470588235294118,2.9729787890152513,G,27.165165
2024,BER,engine,LUO,0.24261275272161742,0.29411764705882354,0.405818286021018,G,0.0
2024,IST,club,10400,0.2208588957055214,0.058823529411764705,0.8472050173402187,G,0.39950980392156865
2024,IST,club,11078,0.4647491786127273,1.0,1.617171135916464,G,26.70637254901961
2024,IST,club,12710,0.4282384090712867,1.0,0.6876268372914025,F,17.0328431372549
2024,IST,club,12742,0.558159976560211,0.38235294117647056,1.056705634474169,G,6.6921568627450965
2024,IST,club,12788,0.66658659620466,0.9705882352941176,0.9935595512637687,C,16.325490196078434
2024,IST,club,13363,0.4193557478229011,0.9705882352941176,0.9250293452386599,F,17.393627450980393
2024,IST,club,13364,0.1574409596401349,0.5,0.9250293452386599,F,3.9230392156862743
2024,IST,club,4887,0.6385494678754435,1.0,1.3177388998654538,C,21.141666666666666
2024,IST,club,6372,0.7993338884263115,0.2647058823529412,0.6589111744532132,F,0.5887254901960783
2024,IST,club,6590,0.4303722934453871,0.9705882352941176,1.1361354977475293,G,18.315196078431377
2024,IST,club,6640,0.129910300030931,0.23529411764705882,0.571835371298943,G,1.5848039215686274
2024,IST,club,7109,0.3791520388873886,1.0,1.148165803118366,F,18.15196078431373
2024,IST,club,7200,0.602848239508402,0.6764705882352942,2.6557768728535365,G,16.831862745098036
2024,IST,club,9513,0.08567348881485,0.3235294117647059,0.6093103709604198,G,2.0598039215686272
2024,IST,club,9664,0.4108537053628567,0.6470588235294118,0.9933850854773341,F,7.659803921568628
2024,IST,club,9846,0.5603660150489658,0.9705882352941176,1.2520570012297023,G,25.92843137254902
2024,IST,engine,11209,0.15316541865214434,0.7941176470588235,0.4374545366692682,F,0.0
2024,IST,engine,12201,0.6597066776498397,0.9705882352941176,1.5831558137733386,F,27.408529
2024,IST,engine,1518,0.21505376344086022,0.9411764705882353,0.39190589478996396,F,0.0
2024,IST,engine,3108,0.5302428341634527,0.9411764705882353,1.4016295014237008,F,26.856573
2024,IST,engine,3196,0.6569832402234637,0.8529411764705882,1.4332501840449334,C,25.179616
2024,IST,engine,3469,0.8047690014903129,0.9411764705882353,3.562017278840472,F,27.623572
2024,IST,engine,4887,0.6385494678754433,1.0,1.3177388998654538,C,25.592786
2024,IST,engine,6540,0.5786739365258989,0.8529411764705882,2.292834573125045,F,26.669088
2024,IST,engine,7975,0.6103611399561554,1.0,1.1435934213873062,G,13.504671
2024,IST,engine,8850,0.16432217104444166,0.4117647058823529,0.36967814771119006,F,0.0
2024,IST,engine,9863,0.4530581424616158,0.6470588235294118,2.9729787890152513,G,27.165165
2024,IST,engine,LUO,0.24261275272161742,0.29411764705882354,0.405818286021018,G,0.0
2024,MAD,club,11247,0.3139254091762812,0.7941176470588235,0.9250293452386599,G,10.961764705882352
2024,MAD,club,11649,0.1297297297297297,0.7941176470588235,0.7276672749967432,F,6.348039215686274
2024,MAD,club,12168,0.2105263157894736,0.08823529411764706,0.9250293452386599,C,0.13970588235294118
2024,MAD,club,12199,-2.1052631578947367,0.029411764705882353,0.9250293452386599,F,0.027941176470588233
2024,MAD,club,13378,0.345724907063197,0.6176470588235294,0.9250293452386599,G,7.911764705882353
2024,MAD,club,13666,0.0484261501210653,0.058823529411764705,0.9250293452386599,G,0.6073529411764705
2024,MAD,club,13667,0.4183884297520661,0.2647058823529412,0.9250293452386599,C,3.796078431372549
2024,MAD,club,3108,0.5302428341634527,0.9411764705882353,1.4016295014237008,F,25.29362745098039
2024,MAD,club,3583,0.5326988916613473,0.7058823529411765,1.7174654401363143,C,8.447549019607845
2024,MAD,club,3733,0.3174170325325189,0.9705882352941176,0.536490382670958,F,17.97598039215686
2024,MAD,club,5791,0.6882964969525334,1.0,2.17431366423916,C,23.886764705882356
2024,MAD,club,5928,0.6930673783041471,0.9705882352941176,2.262121463272836,G,25.16519607843137
2024,MAD,club,6540,0.5786739365258989,0.8529411764705882,2.292834573125045,F,19.059803921568623
2024,MAD,club,7630,0.3051409618573797,0.6176470588235294,0.6682740143366492,F,8.86764705882353
2024,MAD,club,9005,0.3786292891599162,0.6764705882352942,1.413435990645222,F,16.15735294117647
2024,MAD,club,9213,0.3034785513193682,0.7058823529411765,0.517424211565849,F,10.273039215686277
2024,MAD,engine,12201,0.6597066776498397,0.9705882352941176,1.5831558137733386,F,27.408529
2024,MAD,engine,1518,0.21505376344086022,0.9411764705882353,0.39190589478996396,F,0.0
2024,MAD,engine,3196,0.6569832402234637,0.8529411764705882,1.4332501840449334,C,25.179616
2024,MAD,engine,3469,0.8047690014903129,0.9411764705882353,3.562017278840472,F,27.623572
2024,MAD,engine,4233,0.28165236051502146,0.4117647058823529,0.4420640274983124,F,0.0
2024,MAD,engine,6540,0.5786739365258989,0.8529411764705882,2.292834573125045,F,26.669088
2024,MAD,engine,7200,0.6028482395084022,0.6764705882352942,2.6557768728535365,G,28.613482
2024,MAD,engine,8829,0.532901251237735,1.0,1.2235386258793095,F,10.941729
2024,MAD,engine,8850,0.16432217104444166,0.4117647058823529,0.36967814771119006,F,0.0
2024,MAD,engine,925,0.5549420209828825,0.6470588235294118,1.9090449384189625,C,26.398819
2024,MAD,engine,9863,0.4530581424616158,0.6470588235294118,2.9729787890152513,G,27.165165
2024,MAD,engine,LUO,0.24261275272161742,0.29411764705882354,0.405818286021018,G,0.0
2024,MCO,club,11212,0.5780596799769352,0.8235294117647058,1.318784309513568,G,20.402941176470588
2024,MCO,club,11226,0.4431856802990823,0.8235294117647058,1.398072597986178,F,21.63480392156863
2024,MCO,club,11231,0.3933993399339934,0.9705882352941176,0.615026100818043,F,22.27941176470588
2024,MCO,club,12515,0.3603737208957437,0.5588235294117647,0.7441456501920085,F,6.61078431372549
2024,MCO,club,13365,0.3223880597014925,0.6470588235294118,0.9250293452386599,F,9.031862745098039
2024,MCO,club,1932,0.270691493724879,0.3235294117647059,1.1602320342946157,G,5.975980392156863
2024,MCO,club,2581,0.6237609399932305,0.7058823529411765,0.7090945926548786,C,10.137745098039217
2024,MCO,club,4132,0.7088871514203805,0.23529411764705882,1.124699930602105,C,5.642647058823529
2024,MCO,club,4790,0.38996100389961,0.47058823529411764,0.5621075782890426,F,4.902450980392157
2024,MCO,club,5763,0.4450625869262865,0.08823529411764706,0.859764088980225,G,1.0573529411764708
2024,MCO,club,5844,0.508935368108167,0.8235294117647058,0.9217078274807496,C,13.523039215686271
2024,MCO,club,5985,0.5851296364798063,1.0,3.396107355883106,G,29.153921568627453
2024,MCO,club,8099,0.3817556861119914,1.0,0.5591511990296392,G,20.10833333333333
2024,MCO,club,8161,-0.1173249902229174,0.29411764705882354,0.9250293452386599,G,1.2534313725490196
2024,MCO,club,9754,0.46875,0.7647058823529411,1.1077565808920469,G,17.192156862745094
2024,MCO,engine,12201,0.6597066776498397,0.9705882352941176,1.5831558137733386,F,27.408529
2024,MCO,engine,1518,0.21505376344086022,0.9411764705882353,0.39190589478996396,F,0.0
2024,MCO,engine,3196,0.6569832402234637,0.8529411764705882,1.4332501840449334,C,25.179616
2024,MCO,engine,3469,0.8047690014903129,0.9411764705882353,3.562017278840472,F,27.623572
2024,MCO,engine,4233,0.28165236051502146,0.4117647058823529,0.4420640274983124,F,0.0
2024,MCO,engine,4887,0.6385494678754433,1.0,1.3177388998654538,C,25.592786
2024,MCO,engine,6540,0.5786739365258989,0.8529411764705882,2.292834573125045,F,26.669088
2024,MCO,engine,7200,0.6028482395084022,0.6764705882352942,2.6557768728535365,G,28.613482
2024,MCO,engine,8099,0.38175568611199145,1.0,0.5591511990296392,G,11.352017
2024,MCO,engine,8829,0.532901251237735,1.0,1.2235386258793095,F,27.56091
2024,MCO,engine,8850,0.16432217104444166,0.4117647058823529,0.36967814771119006,F,0.0
2024,MCO,engine,LUO,0.24261275272161742,0.29411764705882354,0.405818286021018,G,0.0
2024,MIL,club,11064,0.3548206278026906,0.7941176470588235,0.6720753355143417,G,17.49019607843137
2024,MIL,club,11199,0.5431034482758621,0.11764705882352941,2.0948409965484576,C,2.274509803921568
2024,MIL,club,11941,0.2867872994195971,0.5882352941176471,0.5441115807231041,C,7.178921568627452
2024,MIL,club,12113,-1.232876712328767,0.029411764705882353,0.9250293452386599,G,0.0715686274509804
2024,MIL,club,13384,0.4080074940151962,0.9411764705882353,0.9250293452386599,G,14.128921568627451
2024,MIL,club,13385,0.3879849812265331,0.5294117647058824,0.9250293452386599,F,4.7
2024,MIL,club,13386,-0.1054018445322793,0.17647058823529413,0.9250293452386599,C,1.1161764705882353
2024,MIL,club,1392,0.4714532871972318,0.6470588235294118,0.5434699826869207,G,13.6
2024,MIL,club,1518,0.2150537634408602,0.9411764705882353,0.39190589478996396,F,14.223529411764707
2024,MIL,club,5670,0.1153675491791155,0.38235294117647056,0.46060997286326805,G,3.3142156862745096
2024,MIL,club,6085,0.3868698710433763,0.7941176470588235,0.9250293452386599,G,13.380392156862746
2024,MIL,club,6509,0.2908886930042471,0.7941176470588235,0.6707058719506906,G,12.234313725490198
2024,MIL,club,6701,0.5411140583554377,0.11764705882352941,0.6681472184698095,G,0.9240196078431373
2024,MIL,club,6721,0.3504331743405042,0.6470588235294118,0.7767288148689623,C,5.0357843137254905
2024,MIL,club,7831,0.4821463288186119,0.8235294117647058,1.5112829078223544,F,22.692647058823525
2024,MIL,club,796,0.7991592052873052,0.8823529411764706,2.6317355827805415,F,24.253431372549024
2024,MIL,club,8985,0.3945958814426854,0.7352941176470589,0.7250759375419125,G,16.472549019607843
2024,MIL,club,8987,0.703266304926056,1.0,1.7014727520059483,F,27.644117647058824
2024,MIL,engine,11209,0.15316541865214434,0.7941176470588235,0.4374545366692682,F,0.0
2024,MIL,engine,1133,0.6373845553483936,0.8235294117647058,2.015073464055126,F,27.477754
2024,MIL,engine,12201,0.6597066776498397,0.9705882352941176,1.5831558137733386,F,27.408529
2024,MIL,engine,1518,0.21505376344086022,0.9411764705882353,0.39190589478996396,F,0.0
2024,MIL,engine,3196,0.6569832402234637,0.8529411764705882,1.4332501840449334,C,25.179616
2024,MIL,engine,3469,0.8047690014903129,0.9411764705882353,3.562017278840472,F,27.623572
2024,MIL,engine,4887,0.6385494678754433,1.0,1.3177388998654538,C,25.592786
2024,MIL,engine,6540,0.5786739365258989,0.8529411764705882,2.292834573125045,F,26.669088
2024,MIL,engine,7975,0.6103611399561554,1.0,1.1435934213873062,G,12.88349
2024,MIL,engine,8850,0.16432217104444166,0.4117647058823529,0.36967814771119006,F,0.0
2024,MIL,engine,9863,0.4530581424616158,0.6470588235294118,2.9729787890152513,G,27.165165
2024,MIL,engine,LUO,0.24261275272161742,0.29411764705882354,0.405818286021018,G,0.0
2024,MUN,club,10391,0.4894855649281216,0.9411764705882353,0.8046346783225754,G,24.75588235294118
2024,MUN,club,11052,0.3852596314907872,0.14705882352941177,0.5935310712059824,G,1.7558823529411764
2024,MUN,club,11224,0.5503018369303314,0.9117647058823529,1.3911364139145581,G,18.920098039215684
2024,MUN,club,11244,0.3622094778146695,0.7352941176470589,0.5351626991303152,F,11.368137254901963
2024,MUN,club,11987,0.5913251775173239,1.0,0.7420103803880047,G,28.64950980392157
2024,MUN,club,12123,0.0791936645068394,0.6176470588235294,0.7898166370505347,F,4.085294117647059
2024,MUN,club,12126,0.5581395348837209,0.029411764705882353,0.9250293452386599,G,0.2107843137254902
2024,MUN,club,1288,0.4588855636311814,0.4117647058823529,1.0182692670676963,F,10.319117647058823
2024,MUN,club,13368,0.3415941058271936,0.4411764705882353,0.9250293452386599,C,2.9274509803921567
2024,MUN,club,1557,0.2841976316864026,0.6764705882352942,0.5464036318067658,F,12.004901960784315
2024,MUN,club,4508,0.3030241567450256,1.0,0.7043139139351634,G,24.16813725490196
2024,MUN,club,5460,0.4667106130520764,0.7647058823529411,0.6814341000006753,F,7.436274509803921
2024,MUN,club,7056,0.6348733233979136,0.7647058823529411,0.9802467206042969,C,19.735294117647058
2024,MUN,club,7201,0.4003264639869414,1.0,0.8903829915623781,C,24.02450980392157
2024,MUN,club,7639,0.5147167578760539,0.7058823529411765,0.6965500110072215,C,6.62843137254902
2024,MUN,club,7929,0.1074743527112848,0.35294117647058826,0.8238101796093538,F,3.0102941176470592
2024,MUN,engine,11209,0.15316541865214434,0.7941176470588235,0.4374545366692682,F,0.0
2024,MUN,engine,12201,0.6597066776498397,0.9705882352941176,1.5831558137733386,F,27.408529
2024,MUN,engine,1518,0.21505376344086022,0.9411764705882353,0.39190589478996396,F,0.0
2024,MUN,engine,3108,0.5302428341634527,0.9411764705882353,1.4016295014237008,F,26.856573
2024,MUN,engine,3196,0.6569832402234637,0.8529411764705882,1.4332501840449334,C,25.179616
2024,MUN,engine,4887,0.6385494678754433,1.0,1.3177388998654538,C,25.592786
2024,MUN,engine,6540,0.5786739365258989,0.8529411764705882,2.292834573125045,F,26.669088
2024,MUN,engine,848,0.4566338161540351,0.7647058823529411,1.44330778905155,G,25.955291
2024,MUN,engine,8829,0.532901251237735,1.0,1.2235386258793095,F,27.56091
2024,MUN,engine,8850,0.16432217104444166,0.4117647058823529,0.36967814771119006,F,0.0
2024,MUN,engine,8985,0.39459588144268537,0.7352941176470589,0.7250759375419125,G,14.777206
2024,MUN,engine,LUO,0.24261275272161742,0.29411764705882354,0.405818286021018,G,0.0
2024,OLY,club,10392,0.5309734513274336,0.4117647058823529,0.5893296797704901,G,2.9911764705882353
2024,OLY,club,11194,0.161042944785276,0.11764705882352941,1.0036122184014444,F,1.2784313725490197
2024,OLY,club,11965,0.242914979757085,0.11764705882352941,0.5136906308147282,G,0.36323529411764705
2024,OLY,club,1255,0.3496075562059332,0.9705882352941176,1.074893245136289,F,18.424019607843135
2024,OLY,club,12878,0.4697872340425532,0.4411764705882353,1.0371878042378961,C,5.759803921568627
2024,OLY,club,13380,0.4833380919362075,0.9411764705882353,0.9250293452386599,G,24.03627450980392
2024,OLY,club,13389,0.2875046074456321,0.20588235294117646,0.9250293452386599,G,3.989705882352941
2024,OLY,club,13514,-0.1791044776119403,0.058823529411764705,0.9250293452386599,C,0.16421568627450983
2024,OLY,club,3469,0.8047690014903129,0.9411764705882353,3.562017278840472,F,28.616176470588236
2024,OLY,club,3941,0.7344433469733314,0.7058823529411765,2.0358619247645304,C,13.896078431372555
2024,OLY,club,7853,0.4871540099361249,0.9705882352941176,0.7064583654652216,G,17.2671568627451
2024,OLY,club,7947,0.3270544400745187,0.7941176470588235,0.8074114081297066,G,14.208823529411763
2024,OLY,club,7982,0.386109942331015,0.8823529411764706,0.83346155540228,G,19.805392156862744
2024,OLY,club,8811,0.5138019397320706,0.8529411764705882,1.712698975355425,C,15.112254901960782
2024,OLY,club,8829,0.5329012512377351,1.0,1.2235386258793095,F,16.336764705882356
2024,OLY,club,8855,0.3754693366708385,0.5882352941176471,1.3288917007362375,G,12.533333333333333
2024,OLY,club,9849,0.1927036152515852,0.5882352941176471,0.7265065883543499,G,5.952450980392158
2024,OLY,engine,11199,0.5431034482758622,0.11764705882352941,2.0948409965484576,C,27.07555
2024,OLY,engine,11209,0.15316541865214434,0.7941176470588235,0.4374545366692682,F,0.0
2024,OLY,engine,12201,0.6597066776498397,0.9705882352941176,1.5831558137733386,F,27.408529
2024,OLY,engine,1518,0.21505376344086022,0.9411764705882353,0.39190589478996396,F,0.0
2024,OLY,engine,3108,0.5302428341634527,0.9411764705882353,1.4016295014237008,F,10.264998
2024,OLY,engine,3196,0.6569832402234637,0.8529411764705882,1.4332501840449334,C,25.179616
2024,OLY,engine,3469,0.8047690014903129,0.9411764705882353,3.562017278840472,F,27.623572
2024,OLY,engine,6540,0.5786739365258989,0.8529411764705882,2.292834573125045,F,26.669088
2024,OLY,engine,7200,0.6028482395084022,0.6764705882352942,2.6557768728535365,G,28.613482
2024,OLY,engine,8850,0.16432217104444166,0.4117647058823529,0.36967814771119006,F,0.0
2024,OLY,engine,9863,0.4530581424616158,0.6470588235294118,2.9729787890152513,G,27.165165
2024,OLY,engine,LUO,0.24261275272161742,0.29411764705882354,0.405818286021018,G,0.0
2024,PAN,club,11204,0.3970260223048327,1.0,1.2177000706907444,G,26.37254901960784
2024,PAN,club,11209,0.1531654186521443,0.7941176470588235,0.4374545366692682,F,5.76078431372549
2024,PAN,club,11221,0.5057194461167971,0.11764705882352941,0.5907407744182621,C,0.8142156862745098
2024,PAN,club,11442,0.6258148631029987,0.14705882352941177,0.8344981789878092,F,0.3759803921568627
2024,PAN,club,12712,0.564347888641105,1.0,0.7428289367995907,F,27.25686274509804
2024,PAN,club,12774,0.6500573200071045,0.9705882352941176,1.1340451729345886,G,30.359313725490196
2024,PAN,club,13383,0.490409764603313,0.5,0.9250293452386599,C,8.996078431372549
2024,PAN,club,1926,0.5645406670567583,0.9705882352941176,2.0141866400632273,G,20.943627450980394
2024,PAN,club,2328,0.24,0.11764705882352941,0.9651859489312937,G,1.3480392156862744
2024,PAN,club,3842,0.7726081983544257,0.5,3.699068617860833,C,13.28578431372549
2024,PAN,club,4088,0.3685692347069363,0.9411764705882353,0.7831111814086997,F,17.23676470588235
2024,PAN,club,5161,0.2222222222222222,0.7352941176470589,0.571794164495223,F,8.073529411764707
2024,PAN,club,5353,0.6672448094679386,0.7058823529411765,0.9250293452386599,C,9.609313725490196
2024,PAN,club,6544,0.7287449392712552,0.029411764705882353,0.7495117843710799,G,0.121078431372549
2024,PAN,club,7866,0.3667060611176768,0.9411764705882353,1.68478039422316,F,14.517156862745098
2024,PAN,club,9622,0.5367335358323041,0.9411764705882353,1.7356214400280123,G,14.685784313725488
2024,PAN,engine,11199,0.5431034482758622,0.11764705882352941,2.0948409965484576,C,27.07555
2024,PAN,engine,11209,0.15316541865214434,0.7941176470588235,0.4374545366692682,F,0.0
2024,PAN,engine,12201,0.6597066776498397,0.9705882352941176,1.5831558137733386,F,27.408529
2024,PAN,engine,1518,0.21505376344086022,0.9411764705882353,0.39190589478996396,F,0.0
2024,PAN,engine,3196,0.6569832402234637,0.8529411764705882,1.4332501840449334,C,25.179616
2024,PAN,engine,3469,0.8047690014903129,0.9411764705882353,3.562017278840472,F,27.623572
2024,PAN,engine,6540,0.5786739365258989,0.8529411764705882,2.292834573125045,F,26.669088
2024,PAN,engine,7200,0.6028482395084022,0.6764705882352942,2.6557768728535365,G,28.613482
2024,PAN,engine,8850,0.16432217104444166,0.4117647058823529,0.36967814771119006,F,0.0
2024,PAN,engine,8985,0.39459588144268537,0.7352941176470589,0.7250759375419125,G,10.264998
2024,PAN,engine,9863,0.4530581424616158,0.6470588235294118,2.9729787890152513,G,27.165165
2024,PAN,engine,LUO,0.24261275272161742,0.29411764705882354,0.405818286021018,G,0.0
2024,PAR,club,10781,0.2948820214600005,0.7647058823529411,0.8976332804917859,G,19.05049019607843
2024,PAR,club,11050,0.5117601447402429,0.47058823529411764,0.621116501363204,C,3.7931372549019606
2024,PAR,club,11836,0.2576200811550438,0.6764705882352942,0.9250293452386599,F,10.389215686274513
2024,PAR,club,11981,0.7069056768759924,0.9411764705882353,1.0186402671976373,C,21.302450980392155
2024,PAR,club,12167,0.1397949673811742,0.11764705882352941,0.9250293452386599,F,1.0519607843137255
2024,PAR,club,12720,0.4452478356007991,1.0,0.938454631100449,G,25.762254901960784
2024,PAR,club,13369,0.6413729161743051,1.0,0.9250293452386599,G,26.96421568627451
2024,PAR,club,13370,0.3905732023386173,0.5588235294117647,0.9250293452386599,G,8.132843137254902
2024,PAR,club,4761,0.2286347732705165,0.6176470588235294,0.8322402454338996,G,14.150490196078433
2024,PAR,club,6591,0.3085140306122449,0.6176470588235294,0.9250293452386599,G,12.298039215686275
2024,PAR,club,6760,0.3909794502268481,0.8823529411764706,0.771105718937825,F,22.041176470588233
2024,PAR,club,7632,0.232258064516129,0.35294117647058826,0.8311620500373245,F,3.0392156862745097
2024,PAR,club,7736,0.1587721619476051,0.3235294117647059,0.9250293452386599,G,3.704901960784314
2024,PAR,club,7870,0.5747281508863765,0.9705882352941176,1.4056079876567187,C,18.1671568627451
2024,PAR,club,8232,0.3708174400077254,0.7941176470588235,0.7969856157952072,F,10.152450980392157
2024,PAR,engine,11209,0.15316541865214434,0.7941176470588235,0.4374545366692682,F,0.0
2024,PAR,engine,1133,0.6373845553483936,0.8235294117647058,2.015073464055126,F,27.477754
2024,PAR,engine,12201,0.6597066776498397,0.9705882352941176,1.5831558137733386,F,27.408529
2024,PAR,engine,1518,0.21505376344086022,0.9411764705882353,0.39190589478996396,F,0.0
2024,PAR,engine,3196,0.6569832402234637,0.8529411764705882,1.4332501840449334,C,25.179616
2024,PAR,engine,4887,0.6385494678754433,1.0,1.3177388998654538,C,25.592786
2024,PAR,engine,6540,0.5786739365258989,0.8529411764705882,2.292834573125045,F,26.669088
2024,PAR,engine,848,0.4566338161540351,0.7647058823529411,1.44330778905155,G,25.955291
2024,PAR,engine,8829,0.532901251237735,1.0,1.2235386258793095,F,27.56091
2024,PAR,engine,8850,0.16432217104444166,0.4117647058823529,0.36967814771119006,F,0.0
2024,PAR,engine,8985,0.39459588144268537,0.7352941176470589,0.7250759375419125,G,14.156025
2024,PAR,engine,LUO,0.24261275272161742,0.29411764705882354,0.405818286021018,G,0.0
2024,PRS,club,10390,0.4257940516965232,1.0,0.8210957954495428,C,19.893627450980397
2024,PRS,club,11949,0.2888583218707015,0.17647058823529413,0.852827604183689,F,2.1382352941176475
2024,PRS,club,12608,0.8503901812154284,0.9705882352941176,0.9250293452386599,G,26.320098039215686
2024,PRS,club,12609,0.3981299954757955,0.8529411764705882,0.9250293452386599,F,16.252450980392155
2024,PRS,club,12610,0.4273681433605306,1.0,0.9250293452386599,F,26.01421568627451
2024,PRS,club,12611,0.2083107301725073,0.38235294117647056,0.9250293452386599,G,4.51813725490196
2024,PRS,club,12612,0.3415559772296015,0.17647058823529413,0.9250293452386599,C,1.2916666666666665
2024,PRS,club,12613,0.3812568220801497,1.0,0.9250293452386599,F,25.149019607843137
2024,PRS,club,12640,0.5293635211372617,1.0,0.9250293452386599,G,19.724019607843136
2024,PRS,club,13373,0.3294789945979731,1.0,0.9250293452386599,F,10.979901960784314
2024,PRS,club,4197,0.1931518876207199,0.9117647058823529,0.4804558936260713,G,13.4
2024,PRS,club,4512,0.0356268091739033,0.6764705882352942,0.9250293452386599,C,6.604411764705883
2024,PRS,club,5793,0.252318817795944,0.9117647058823529,0.9250293452386599,F,12.472549019607843
2024,PRS,club,7032,0.4631008801624915,0.8235294117647058,0.9578218049230954,G,14.480392156862743
2024,PRS,club,7483,0.231809401159047,0.08823529411764706,0.9250293452386599,F,0.7612745098039216
2024,PRS,engine,11209,0.15316541865214434,0.7941176470588235,0.4374545366692682,F,0.0
2024,PRS,engine,12201,0.6597066776498397,0.9705882352941176,1.5831558137733386,F,27.408529
2024,PRS,engine,1518,0.21505376344086022,0.9411764705882353,0.39190589478996396,F,0.0
2024,PRS,engine,2553,0.5985369097761031,0.7058823529411765,1.3273303707477468,F,25.669409
2024,PRS,engine,3108,0.5302428341634527,0.9411764705882353,1.4016295014237008,F,26.856573
2024,PRS,engine,3196,0.6569832402234637,0.8529411764705882,1.4332501840449334,C,25.179616
2024,PRS,engine,4887,0.6385494678754433,1.0,1.3177388998654538,C,25.592786
2024,PRS,engine,7200,0.6028482395084022,0.6764705882352942,2.6557768728535365,G,28.613482
2024,PRS,engine,8829,0.532901251237735,1.0,1.2235386258793095,F,27.56091
2024,PRS,engine,8850,0.16432217104444166,0.4117647058823529,0.36967814771119006,F,0.0
2024,PRS,engine,8985,0.39459588144268537,0.7352941176470589,0.7250759375419125,G,13.118694
2024,PRS,engine,LUO,0.24261275272161742,0.29411764705882354,0.405818286021018,G,0.0
2024,RED,club,10588,0.4440755343432248,0.47058823529411764,0.8566803104895019,F,7.086764705882352
2024,RED,club,10612,0.3234956281206779,1.0,0.7319971839093716,G,20.91127450980392
2024,RED,club,11194,0.7661314214611602,0.7941176470588235,1.0036122184014444,F,16.546078431372546
2024,RED,club,12044,0.4614562299560518,1.0,0.9775942518048838,G,16.507843137254902
2024,RED,club,12786,0.3391015556720853,0.5588235294117647,0.889595896478558,F,8.413235294117646
2024,RED,club,2553,0.5985369097761029,0.7058823529411765,1.3273303707477468,F,8.845098039215687
2024,RED,club,4007,0.2121212121212121,0.7647058823529411,0.6747179858128873,F,8.735294117647058
2024,RED,club,4866,0.4188004592589893,1.0,0.9534447691339114,F,26.897549019607844
2024,RED,club,6240,0.3849518810148731,0.29411764705882354,0.9250293452386599,C,3.361764705882353
2024,RED,club,6436,0.3148994071338322,0.9705882352941176,1.3204976417457857,F,15.130882352941178
2024,RED,club,7960,0.3548094806619295,0.7941176470588235,0.775991943511668,F,10.278921568627451
2024,RED,club,848,0.456633816154035,0.7647058823529411,1.44330778905155,G,13.976960784313725
2024,RED,club,9035,0.6821303219899283,0.5294117647058824,1.2766548630767607,C,12.849019607843136
2024,RED,club,9048,0.3845700129762887,1.0,1.4921147236787105,G,24.93235294117647
2024,RED,engine,11209,0.15316541865214434,0.7941176470588235,0.4374545366692682,F,0.0
2024,RED,engine,12201,0.6597066776498397,0.9705882352941176,1.5831558137733386,F,27.408529
2024,RED,engine,1518,0.21505376344086022,0.9411764705882353,0.39190589478996396,F,0.0
2024,RED,engine,3108,0.5302428341634527,0.9411764705882353,1.4016295014237008,F,26.856573
2024,RED,engine,3196,0.6569832402234637,0.8529411764705882,1.4332501840449334,C,25.179616
2024,RED,engine,4887,0.6385494678754433,1.0,1.3177388998654538,C,25.592786
2024,RED,engine,6540,0.5786739365258989,0.8529411764705882,2.292834573125045,F,26.669088
2024,RED,engine,8829,0.532901251237735,1.0,1.2235386258793095,F,27.56091
2024,RED,engine,8850,0.16432217104444166,0.4117647058823529,0.36967814771119006,F,0.0
2024,RED,engine,8985,0.39459588144268537,0.7352941176470589,0.7250759375419125,G,13.567332
2024,RED,engine,9863,0.4530581424616158,0.6470588235294118,2.9729787890152513,G,27.165165
2024,RED,engine,LUO,0.24261275272161742,0.29411764705882354,0.405818286021018,G,0.0
2024,TEL,club,11193,0.481895774797222,0.7647058823529411,0.8047585101807604,G,18.49313725490196
2024,TEL,club,11202,0.2846896551724138,0.5882352941176471,0.9250293452386599,G,8.884803921568627
2024,TEL,club,11214,0.5621728245201426,0.5882352941176471,0.9744052157055103,F,12.922549019607844
2024,TEL,club,11219,0.5110909326760928,0.9705882352941176,0.8709618071939006,C,22.673529411764704
2024,TEL,club,11433,0.2434694395130611,0.23529411764705882,0.7591510550777611,G,1.932843137254902
2024,TEL,club,12604,0.5655172413793104,0.47058823529411764,0.9250293452386599,C,8.529411764705882
2024,TEL,club,13250,0.1957488877904102,0.4411764705882353,0.9250293452386599,G,4.958333333333332
2024,TEL,club,13381,0.2873104549082202,0.9705882352941176,0.9250293452386599,F,11.055882352941175
2024,TEL,club,13382,0.4382753155910159,0.9705882352941176,0.9250293452386599,G,26.91029411764706
2024,TEL,club,13383,0.4928282456785583,0.2647058823529412,0.9250293452386599,C,3.9985294117647054
2024,TEL,club,13389,0.6327343161519423,0.23529411764705882,0.9250293452386599,G,4.5553921568627445
2024,TEL,club,13699,0.4679261862917399,0.23529411764705882,0.9250293452386599,G,4.462745098039215
2024,TEL,club,4233,0.2816523605150214,0.4117647058823529,0.4420640274983124,F,3.6549019607843136
2024,TEL,club,5145,0.2744111593871484,0.6764705882352942,0.4468433775177512,F,6.430882352941176
2024,TEL,club,6835,0.5725035129867186,0.7058823529411765,0.9250293452386599,F,21.628431372549024
2024,TEL,club,7519,0.6364963503649635,0.8235294117647058,0.6720493314817594,G,20.147058823529413
2024,TEL,club,7855,0.0,0.11764705882352941,0.9250293452386599,F,0.23088235294117646
2024,TEL,club,7990,0.2991824665159158,0.9705882352941176,0.6805789466990093,G,16.908823529411766
2024,TEL,club,9754,0.5259975816203144,0.058823529411764705,1.1077565808920469,G,1.6215686274509802
2024,TEL,engine,11209,0.15316541865214434,0.7941176470588235,0.4374545366692682,F,0.0
2024,TEL,engine,12201,0.6597066776498397,0.9705882352941176,1.5831558137733386,F,27.408529
2024,TEL,engine,1518,0.21505376344086022,0.9411764705882353,0.39190589478996396,F,0.0
2024,TEL,engine,3196,0.6569832402234637,0.8529411764705882,1.4332501840449334,C,25.179616
2024,TEL,engine,3469,0.8047690014903129,0.9411764705882353,3.562017278840472,F,27.623572
2024,TEL,engine,4887,0.6385494678754433,1.0,1.3177388998654538,C,25.592786
2024,TEL,engine,5928,0.6930673783041471,0.9705882352941176,2.262121463272836,G,27.13097
2024,TEL,engine,6540,0.5786739365258989,0.8529411764705882,2.292834573125045,F,26.669088
2024,TEL,engine,8829,0.532901251237735,1.0,1.2235386258793095,F,27.56091
2024,TEL,engine,8850,0.16432217104444166,0.4117647058823529,0.36967814771119006,F,0.0
2024,TEL,engine,8985,0.39459588144268537,0.7352941176470589,0.7250759375419125,G,12.834529
2024,TEL,engine,LUO,0.24261275272161742,0.29411764705882354,0.405818286021018,G,0.0
2024,ULK,club,10560,0.415665205711862,0.5882352941176471,0.9457314165710098,F,6.934313725490195
2024,ULK,club,11205,0.3272525086711324,0.7941176470588235,0.9141475739482915,G,18.51421568627451
2024,ULK,club,13396,0.3032083676107651,0.4117647058823529,0.9250293452386599,G,4.171078431372549
2024,ULK,club,13696,0.4457652303120356,0.23529411764705882,0.9250293452386599,C,1.6495098039215688
2024,ULK,club,2849,0.3887468030690537,1.0,1.1525228875342353,F,17.25
2024,ULK,club,2968,0.4274456738040277,0.8529411764705882,0.5351218492052399,C,12.316666666666666
2024,ULK,club,2969,0.1816347124117053,0.17647058823529413,0.5385799121630421,G,0.9715686274509806
2024,ULK,club,3091,0.7246376811594203,0.058823529411764705,0.48987369003375925,F,0.20294117647058824
2024,ULK,club,4004,0.5393061898746477,0.9117647058823529,1.2600912880899817,G,20.178431372549024
2024,ULK,club,5216,0.7054377493176569,0.38235294117647056,1.3774022658752576,G,7.004411764705883
2024,ULK,club,6661,0.0,0.029411764705882353,1.3711836889461841,G,0.06127450980392156
2024,ULK,club,6961,0.3468932850376149,0.9411764705882353,0.6000507366572011,F,21.11176470588235
2024,ULK,club,7182,0.4080440587449933,0.9117647058823529,1.1754631399106337,C,11.749019607843138
2024,ULK,club,8104,0.3901051455275054,0.6470588235294118,0.9250293452386599,G,9.650490196078433
2024,ULK,club,8174,0.0,0.08823529411764706,0.9250293452386599,G,0.28578431372549024
2024,ULK,club,8962,0.5719769069829634,1.0,2.175286294807833,F,31.16127450980392
2024,ULK,club,9783,0.37239813296329,1.0,1.9675196213885617,F,19.42892156862745
2024,ULK,club,9863,0.4530581424616159,0.6470588235294118,2.9729787890152513,G,15.580392156862748
2024,ULK,engine,11199,0.5431034482758622,0.11764705882352941,2.0948409965484576,C,27.07555
2024,ULK,engine,11209,0.15316541865214434,0.7941176470588235,0.4374545366692682,F,0.0
2024,ULK,engine,12201,0.6597066776498397,0.9705882352941176,1.5831558137733386,F,27.408529
2024,ULK,engine,1518,0.21505376344086022,0.9411764705882353,0.39190589478996396,F,0.0
2024,ULK,engine,2969,0.1816347124117053,0.17647058823529413,0.5385799121630421,G,0.0
2024,ULK,engine,3196,0.6569832402234637,0.8529411764705882,1.4332501840449334,C,25.179616
2024,ULK,engine,3469,0.8047690014903129,0.9411764705882353,3.562017278840472,F,27.623572
2024,ULK,engine,6540,0.5786739365258989,0.8529411764705882,2.292834573125045,F,26.669088
2024,ULK,engine,7200,0.6028482395084022,0.6764705882352942,2.6557768728535365,G,28.613482
2024,ULK,engine,796,0.7991592052873051,0.8823529411764706,2.6317355827805415,F,10.264998
2024,ULK,engine,8850,0.16432217104444166,0.4117647058823529,0.36967814771119006,F,0.0
2024,ULK,engine,9863,0.4530581424616158,0.6470588235294118,2.9729787890152513,G,27.165165
2024,VIR,club,1133,0.6373845553483936,0.8235294117647058,2.015073464055126,F,22.61078431372549
2024,VIR,club,11816,0.344966713738148,0.5,0.9250293452386599,F,4.859803921568628
2024,VIR,club,12585,0.4083026799789805,1.0,0.9250293452386599,G,18.65686274509804
2024,VIR,club,12591,0.2961762322257423,0.6764705882352942,0.9250293452386599,G,6.65343137254902
2024,VIR,club,13374,0.4985247736290569,0.9117647058823529,0.9250293452386599,C,14.454411764705881
2024,VIR,club,13695,0.2007648183556405,0.2647058823529412,0.9250293452386599,F,4.101960784313725
2024,VIR,club,1844,0.1891695249974015,0.9117647058823529,1.0649050853356297,G,14.148529411764706
2024,VIR,club,2084,0.3693914990205528,0.9705882352941176,0.6380645673588873,F,15.765196078431373
2024,VIR,club,4554,0.5754522277528226,0.7352941176470589,0.8676529483499665,C,12.113235294117649
2024,VIR,club,4888,0.5605063291139241,0.7058823529411765,2.329316283214142,F,19.36274509803922
2024,VIR,club,5738,0.2077638053581191,0.6176470588235294,0.9250293452386599,F,8.069117647058825
2024,VIR,club,6273,0.8888888888888888,0.058823529411764705,0.9250293452386599,G,0.0661764705882353
2024,VIR,club,6739,0.3034722875693987,0.8823529411764706,0.6053085637692053,G,20.837254901960787
2024,VIR,club,9549,0.5037517301668245,1.0,0.970856500403307,G,26.9156862745098
2024,VIR,engine,11209,0.15316541865214434,0.7941176470588235,0.4374545366692682,F,0.0
2024,VIR,engine,12201,0.6597066776498397,0.9705882352941176,1.5831558137733386,F,27.408529
2024,VIR,engine,3196,0.6569832402234637,0.8529411764705882,1.4332501840449334,C,25.179616
2024,VIR,engine,3469,0.8047690014903129,0.9411764705882353,3.562017278840472,F,27.623572
2024,VIR,engine,4887,0.6385494678754433,1.0,1.3177388998654538,C,25.592786
2024,VIR,engine,5145,0.27441115938714844,0.6764705882352942,0.4468433775177512,F,0.0
2024,VIR,engine,6540,0.5786739365258989,0.8529411764705882,2.292834573125045,F,26.669088
2024,VIR,engine,7975,0.6103611399561554,1.0,1.1435934213873062,G,26.14001
2024,VIR,engine,8829,0.532901251237735,1.0,1.2235386258793095,F,27.56091
2024,VIR,engine,8850,0.16432217104444166,0.4117647058823529,0.36967814771119006,F,0.0
2024,VIR,engine,8985,0.39459588144268537,0.7352941176470589,0.7250759375419125,G,13.825489
2024,VIR,engine,LUO,0.24261275272161742,0.29411764705882354,0.405818286021018,G,0.0
2024,ZAL,club,11051,0.5193810326336755,0.8529411764705882,0.6588331959072509,F,12.798039215686272
2024,ZAL,club,11330,0.0,0.058823529411764705,0.9250293452386599,G,0.07696078431372548
2024,ZAL,club,11925,0.0,0.058823529411764705,0.9250293452386599,G,0.6573529411764706
2024,ZAL,club,11983,0.427734375,0.8529411764705882,0.598165001329266,F,15.058823529411764
2024,ZAL,club,12181,-1.2121212121212122,0.08823529411764706,0.9250293452386599,G,0.048529411764705876
2024,ZAL,club,12622,0.1846670397313934,0.8529411764705882,0.9250293452386599,F,12.26372549019608
2024,ZAL,club,12715,0.2144855455393223,0.7058823529411765,0.8101812413788768,F,6.307843137254903
2024,ZAL,club,13403,0.5052532168575139,0.5588235294117647,0.9250293452386599,G,12.457352941176472
2024,ZAL,club,13775,0.4891304347826086,0.20588235294117646,0.9250293452386599,G,2.5254901960784313
2024,ZAL,club,2329,0.3655569922636919,1.0,1.2955473269167908,F,22.367156862745095
2024,ZAL,club,2676,0.2973431835910614,0.9705882352941176,0.7233618140229903,F,21.3656862745098
2024,ZAL,club,3048,0.3447199150690064,1.0,0.7497440197688212,C,15.699019607843136
2024,ZAL,club,3210,-0.0205163275773636,0.4117647058823529,0.5767764446566095,G,2.8671568627450976
2024,ZAL,club,5504,0.4178587562114139,1.0,0.8674665730170821,C,13.02156862745098
2024,ZAL,club,7029,0.4231487243310516,1.0,0.9250293452386599,F,16.54264705882353
2024,ZAL,club,7513,0.1860206843895328,0.8823529411764706,0.47428508746527565,G,21.186764705882354
2024,ZAL,club,7975,0.6092073381793007,1.0,1.1435934213873062,G,25.49117647058824
2024,ZAL,engine,11209,0.15316541865214434,0.7941176470588235,0.4374545366692682,F,0.0
2024,ZAL,engine,12201,0.6597066776498397,0.9705882352941176,1.5831558137733386,F,27.408529
2024,ZAL,engine,1518,0.21505376344086022,0.9411764705882353,0.39190589478996396,F,0.0
2024,ZAL,engine,3108,0.5302428341634527,0.9411764705882353,1.4016295014237008,F,26.856573
2024,ZAL,engine,3196,0.6569832402234637,0.8529411764705882,1.4332501840449334,C,25.179616
2024,ZAL,engine,4887,0.6385494678754433,1.0,1.3177388998654538,C,25.592786
2024,ZAL,engine,6540,0.5786739365258989,0.8529411764705882,2.292834573125045,F,26.669088
2024,ZAL,engine,7200,0.6028482395084022,0.6764705882352942,2.6557768728535365,G,28.613482
2024,ZAL,engine,8829,0.532901251237735,1.0,1.2235386258793095,F,27.56091
2024,ZAL,engine,8850,0.16432217104444166,0.4117647058823529,0.36967814771119006,F,0.0
2024,ZAL,engine,8985,0.39459588144268537,0.7352941176470589,0.7250759375419125,G,12.119015
2024,ZAL,engine,LUO,0.24261275272161742,0.29411764705882354,0.405818286021018,G,0.0
2025,ASV,club,10316,0.1911523757509557,0.8157894736842105,0.6035389622808189,F,14.455263157894736
2025,ASV,club,10319,0.3897011708510514,0.9473684210526315,0.8927955440402104,C,15.05877192982456
2025,ASV,club,10465,0.7331084161575636,0.39473684210526316,0.8927955440402104,F,9.620175438596492
2025,ASV,club,12268,0.0452275511165551,0.4473684210526316,0.8927955440402104,G,4.654824561403508
2025,ASV,club,12618,0.2801657492733007,0.8947368421052632,0.8927955440402104,F,14.183333333333337
2025,ASV,club,12731,0.4334038054968288,0.8421052631578947,0.7935704512323852,C,19.915789473684207
2025,ASV,club,13371,0.4702594325293153,0.7631578947368421,0.6501428652646194,G,14.437719298245613
2025,ASV,club,14013,0.4901044947969847,0.7894736842105263,0.8927955440402104,G,20.189035087719297
2025,ASV,club,14014,0.4025453036381242,1.0,0.8927955440402104,C,12.682456140350878
2025,ASV,club,14088,0.2900210757811784,0.9473684210526315,0.8927955440402104,C,19.145614035087718
2025,ASV,club,2100,0.8604954367666232,0.34210526315789475,1.5048139185405467,G,7.064473684210526
2025,ASV,club,229,0.2725483268561046,0.5526315789473685,0.5411721601989202,G,8.689912280701753
2025,ASV,club,3526,0.2121467620420485,0.868421052631579,0.5248010996775119,G,16.125877192982458
2025,ASV,club,6725,0.3997433746236983,0.47368421052631576,0.8927955440402104,C,8.887280701754387
2025,ASV,club,9556,0.0232438016528925,0.3157894736842105,0.8927955440402104,G,3.3964912280701753
2025,ASV,engine,10392,0.0,0.18421052631578946,0.6219436153136872,G,16.126759
2025,ASV,engine,11051,0.43240070436313827,0.8157894736842105,0.8067325892432848,F,24.157761
2025,ASV,engine,11085,0.3544402675389347,0.7368421052631579,0.8148082304603833,F,26.0588
2025,ASV,engine,11194,0.6540608142161165,1.0,1.1927675972778167,F,25.861979
2025,ASV,engine,11209,0.20315145201198076,0.6578947368421053,0.46244792827484377,F,0.0
2025,ASV,engine,11981,0.6939115929941618,0.7631578947368421,1.5430430118443217,C,26.619875
2025,ASV,engine,12608,0.4755902865305437,0.9736842105263158,2.816854307913212,G,27.738397
2025,ASV,engine,12788,0.6901225504037949,1.0,1.1169736015838454,C,25.419949
2025,ASV,engine,1518,0.2693026983702912,1.0,0.48293846475608093,F,0.0
2025,ASV,engine,7027,0.6443699892305852,0.8421052631578947,1.7482907248887238,G,28.016479
2025,ASV,engine,7673,0.31578947368421056,0.02631578947368421,0.5121658326596895,G,0.0
2025,ASV,engine,9513,0.28148432993655065,0.6842105263157895,0.5242158544242806,G,0.0
2025,BAR,club,10106,-0.379746835443038,0.02631578947368421,0.837616073843898,G,0.13859649122807016
2025,BAR,club,1133,0.6220865820773845,0.8421052631578947,2.3720327255809925,F,20.982017543859648
2025,BAR,club,12885,0.2908855850032321,0.15789473684210525,0.8927955440402104,C,1.3570175438596488
2025,BAR,club,13269,0.2170158688780996,0.868421052631579,0.8927955440402104,F,13.460087719298247
2025,BAR,club,14128,-1.7647058823529411,0.02631578947368421,0.8927955440402104,F,0.02982456140350877
2025,BAR,club,14134,0.4012012012012012,0.8947368421052632,0.8927955440402104,F,10.953947368421051
2025,BAR,club,2939,0.4444022410027538,0.9210526315789473,1.16621882985841,G,23.09429824561404
2025,BAR,club,3196,0.5067801643076314,0.9736842105263158,1.2324011909330534,C,13.293421052631581
2025,BAR,club,4888,0.5672605933562919,0.8157894736842105,1.7309566063161814,F,20.504824561403503
2025,BAR,club,6435,0.4306504306504307,0.5263157894736842,1.3128068825566324,G,8.860526315789473
2025,BAR,club,6568,0.627177700348432,0.42105263157894735,0.842505485122966,C,3.3986842105263158
2025,BAR,club,7464,0.3677080453414432,1.0,0.5914174625043125,F,19.03684210526316
2025,BAR,club,925,0.4441115565933823,0.9473684210526315,1.5855010337523399,C,19.909649122807018
2025,BAR,club,9862,0.4934161242529673,0.9736842105263158,1.9518216553463843,G,26.346929824561403
2025,BAR,club,9948,0.1704430165708488,0.7631578947368421,0.8927955440402104,G,6.484649122807018
2025,BAR,club,9992,0.3988248909463189,0.9473684210526315,0.7528939935687949,G,14.780263157894735
2025,BAR,engine,11194,0.6540608142161165,1.0,1.1927675972778167,F,25.861979
2025,BAR,engine,11209,0.20315145201198076,0.6578947368421053,0.46244792827484377,F,0.0
2025,BAR,engine,11981,0.6939115929941618,0.7631578947368421,1.5430430118443217,C,26.619875
2025,BAR,engine,12608,0.4755902865305437,0.9736842105263158,2.816854307913212,G,27.738397
2025,BAR,engine,12774,0.5666225597708858,0.8157894736842105,2.115991448912538,G,28.409613
2025,BAR,engine,1518,0.2693026983702912,1.0,0.48293846475608093,F,0.0
2025,BAR,engine,5791,0.6781448969596504,1.0,2.0174683104625193,C,8.4369751
2025,BAR,engine,7027,0.6443699892305852,0.8421052631578947,1.7482907248887238,G,28.016479
2025,BAR,engine,7673,0.31578947368421056,0.02631578947368421,0.5121658326596895,G,0.0
2025,BAR,engine,796,0.6655188958821371,0.8157894736842105,3.056281902136104,F,27.088192
2025,BAR,engine,8987,0.6118995510029106,0.7894736842105263,2.2752194974200632,F,27.828489
2025,BAR,engine,9513,0.28148432993655065,0.6842105263157895,0.5242158544242806,G,0.0
2025,BAS,club,10035,0.1486031305726174,0.7105263157894737,0.8927955440402104,G,4.42719298245614
2025,BAS,club,11948,0.3348660886658008,0.6052631578947368,0.9048132887362713,G,12.49517543859649
2025,BAS,club,12080,0.6449732172138615,0.9473684210526315,0.9542892204507043,F,24.07280701754386
2025,BAS,club,12365,0.0,0.10526315789473684,0.8679093394712512,F,0.268859649122807
2025,BAS,club,13367,0.6081919735208937,0.7105263157894737,1.1599364013930755,G,16.961403508771927
2025,BAS,club,14026,0.3982645455556792,0.9736842105263158,0.8927955440402104,F,11.827631578947368
2025,BAS,club,14027,0.5257500701000094,0.9736842105263158,0.8927955440402104,C,18.770175438596493
2025,BAS,club,14086,0.5595134665508253,0.34210526315789475,0.8927955440402104,F,7.572368421052631
2025,BAS,club,14105,0.759493670886076,0.02631578947368421,0.8927955440402104,C,0.06929824561403508
2025,BAS,club,14107,-0.0765110941086457,0.2894736842105263,0.8927955440402104,F,1.719736842105263
2025,BAS,club,14119,0.4095478426343441,0.7368421052631579,0.8927955440402104,G,10.60219298245614
2025,BAS,club,14152,0.4887272727272727,0.8157894736842105,0.8927955440402104,G,18.092105263157894
2025,BAS,club,14190,0.284456484930579,0.6578947368421053,0.8927955440402104,G,11.656578947368422
2025,BAS,club,14207,0.5481513327601032,0.6052631578947368,0.8927955440402104,C,12.242105263157894
2025,BAS,club,5713,0.3345454545454545,0.6842105263157895,0.7757221793662423,F,14.473684210526319
2025,BAS,club,7230,0.4187469801900467,0.34210526315789475,1.449359436478466,F,8.169736842105262
2025,BAS,club,7579,0.5216131369234485,0.13157894736842105,0.9077368378668031,F,1.8162280701754385
2025,BAS,club,8072,0.3671030165054069,0.7368421052631579,0.6436332526166496,C,12.329824561403509
2025,BAS,club,8173,0.4052755699187702,0.9736842105263158,0.8504793692727729,G,15.064473684210528
2025,BAS,engine,11194,0.6540608142161165,1.0,1.1927675972778167,F,25.861979
2025,BAS,engine,11196,0.7660149215333163,0.868421052631579,1.3446274501290918,C,26.669815
2025,BAS,engine,11209,0.20315145201198076,0.6578947368421053,0.46244792827484377,F,0.0
2025,BAS,engine,11981,0.6939115929941618,0.7631578947368421,1.5430430118443217,C,26.619875
2025,BAS,engine,11982,0.3365705672473336,1.0,1.3930812611238155,F,10.176774
2025,BAS,engine,12608,0.4755902865305437,0.9736842105263158,2.816854307913212,G,27.738397
2025,BAS,engine,1518,0.2693026983702912,1.0,0.48293846475608093,F,0.0
2025,BAS,engine,7027,0.6443699892305852,0.8421052631578947,1.7482907248887238,G,28.016479
2025,BAS,engine,7673,0.31578947368421056,0.02631578947368421,0.5121658326596895,G,0.0
2025,BAS,engine,796,0.6655188958821371,0.8157894736842105,3.056281902136104,F,27.088192
2025,BAS,engine,8987,0.6118995510029106,0.7894736842105263,2.2752194974200632,F,27.828489
2025,BAS,engine,9513,0.28148432993655065,0.6842105263157895,0.5242158544242806,G,0.0
2025,DUB,club,11194,0.6540608142161163,1.0,1.1927675972778167,F,23.4969298245614
2025,DUB,club,11286,0.4741598529009037,0.7631578947368421,1.2169496089520044,F,22.421929824561406
2025,DUB,club,12096,0.5498690787907641,0.2894736842105263,1.0398457070292815,C,3.6850877192982456
2025,DUB,club,12606,0.5316354245514048,1.0,0.8927955440402104,G,29.551315789473687
2025,DUB,club,12795,0.2697180220678382,0.868421052631579,0.7547568115457163,F,20.391666666666666
2025,DUB,club,12796,0.7803233660028716,0.9473684210526315,0.8927955440402104,C,21.077631578947372
2025,DUB,club,14031,0.319092359510725,0.42105263157894735,0.8927955440402104,G,4.948245614035087
2025,DUB,club,14141,-0.1,0.18421052631578946,0.8927955440402104,G,1.0526315789473684
2025,DUB,club,14157,0.4839617332583004,0.13157894736842105,0.8927955440402104,G,2.338157894736842
2025,DUB,club,14177,0.3129074315514993,0.05263157894736842,0.8927955440402104,F,0.3364035087719298
2025,DUB,club,2661,0.2478656017625998,0.7105263157894737,0.9381510773382699,G,9.555263157894737
2025,DUB,club,2968,0.182204676586699,0.18421052631578946,0.6544549520082503,C,1.444298245614035
2025,DUB,club,3458,0.2959765685216586,0.7631578947368421,0.8927955440402104,F,14.225877192982459
2025,DUB,club,3527,0.1437809802054952,0.8157894736842105,0.6611072365364723,F,13.360964912280702
2025,DUB,club,3983,0.5821353865325559,0.5789473684210527,0.8389545989791134,G,9.85482456140351
2025,DUB,club,5942,0.0745110214219186,0.3684210526315789,0.6643641185271424,F,2.825438596491227
2025,DUB,club,6540,0.5849901113771209,0.47368421052631576,1.6155783127305487,F,12.640789473684213
2025,DUB,club,8325,0.5326903052556584,0.7368421052631579,0.8927955440402104,C,8.003070175438596
2025,DUB,club,956,0.0,0.02631578947368421,0.6544081941900519,G,0.10526315789473684
2025,DUB,engine,11194,0.6540608142161165,1.0,1.1927675972778167,F,25.861979
2025,DUB,engine,11196,0.7660149215333163,0.868421052631579,1.3446274501290918,C,26.669815
2025,DUB,engine,11209,0.20315145201198076,0.6578947368421053,0.46244792827484377,F,0.0
2025,DUB,engine,11981,0.6939115929941618,0.7631578947368421,1.5430430118443217,C,26.619875
2025,DUB,engine,11982,0.3365705672473336,1.0,1.3930812611238155,F,10.176774
2025,DUB,engine,12608,0.4755902865305437,0.9736842105263158,2.816854307913212,G,27.738397
2025,DUB,engine,1518,0.2693026983702912,1.0,0.48293846475608093,F,0.0
2025,DUB,engine,7027,0.6443699892305852,0.8421052631578947,1.7482907248887238,G,28.016479
2025,DUB,engine,7673,0.31578947368421056,0.02631578947368421,0.5121658326596895,G,0.0
2025,DUB,engine,796,0.6655188958821371,0.8157894736842105,3.056281902136104,F,27.088192
2025,DUB,engine,8987,0.6118995510029106,0.7894736842105263,2.2752194974200632,F,27.828489
2025,DUB,engine,9513,0.28148432993655065,0.6842105263157895,0.5242158544242806,G,0.0
2025,HTA,club,10550,0.3132969034608379,0.3684210526315789,0.8927955440402104,F,3.611842105263158
2025,HTA,club,10568,0.5809292238943287,1.0,1.6237231509266654,G,20.022368421052636
2025,HTA,club,11052,0.3049907578558226,0.3684210526315789,0.6946056140847642,G,3.796491228070175
2025,HTA,club,11157,0.5744125326370757,0.8421052631578947,1.6854277420149537,C,13.102631578947367
2025,HTA,club,11823,0.3650986824699719,0.6578947368421053,0.8927955440402104,C,8.289035087719299
2025,HTA,club,12609,0.3443731576209468,1.0,0.8455408039442082,F,25.293859649122805
2025,HTA,club,12788,0.6901225504037951,1.0,1.1169736015838454,C,23.29868421052632
2025,HTA,club,13283,0.0936768149882903,0.23684210526315788,0.8927955440402104,G,0.5618421052631579
2025,HTA,club,13284,0.1980945193849637,1.0,0.8927955440402104,F,23.24780701754386
2025,HTA,club,13382,0.0859598853868194,0.21052631578947367,1.2016899887560306,G,2.1429824561403508
2025,HTA,club,13402,0.474043287327478,1.0,0.8927955440402104,G,22.3719298245614
2025,HTA,club,14416,0.3799873337555415,0.23684210526315788,0.8927955440402104,F,2.770175438596491
2025,HTA,club,2580,0.4535889642272621,0.9473684210526315,2.3793064830938415,G,22.51052631578947
2025,HTA,club,4161,-0.6703910614525139,0.02631578947368421,0.6536747360117986,C,0.07850877192982456
2025,HTA,club,4846,0.3212373587150506,0.21052631578947367,0.8927955440402104,G,1.4745614035087717
2025,HTA,club,8858,0.3821656050955413,0.2631578947368421,0.8836331109804201,G,2.2035087719298243
2025,HTA,club,9846,0.6941116197590441,0.8947368421052632,1.5854358231456112,G,26.5390350877193
2025,HTA,engine,11194,0.6540608142161165,1.0,1.1927675972778167,F,25.861979
2025,HTA,engine,11209,0.20315145201198076,0.6578947368421053,0.46244792827484377,F,0.0
2025,HTA,engine,11981,0.6939115929941618,0.7631578947368421,1.5430430118443217,C,26.619875
2025,HTA,engine,12608,0.4755902865305437,0.9736842105263158,2.816854307913212,G,27.738397
2025,HTA,engine,12774,0.5666225597708858,0.8157894736842105,2.115991448912538,G,28.409613
2025,HTA,engine,3526,0.21214676204204855,0.868421052631579,0.5248010996775119,G,0.0
2025,HTA,engine,5791,0.6781448969596504,1.0,2.0174683104625193,C,8.4369751
2025,HTA,engine,7027,0.6443699892305852,0.8421052631578947,1.7482907248887238,G,28.016479
2025,HTA,engine,7673,0.31578947368421056,0.02631578947368421,0.5121658326596895,G,0.0
2025,HTA,engine,796,0.6655188958821371,0.8157894736842105,3.056281902136104,F,27.088192
2025,HTA,engine,8987,0.6118995510029106,0.7894736842105263,2.2752194974200632,F,27.828489
2025,HTA,engine,9513,0.28148432993655065,0.6842105263157895,0.5242158544242806,G,0.0
2025,IST,club,10318,0.4233045061447428,0.4473684210526316,0.8927955440402104,C,5.781578947368421
2025,IST,club,10391,0.3810238843789592,0.9736842105263158,1.1846185222680545,G,28.04078947368421
2025,IST,club,11201,0.3010571472345641,0.868421052631579,0.5938178262316188,G,11.450877192982457
2025,IST,club,12710,0.4649576536122321,0.9473684210526315,0.7207898527555273,F,23.148684210526312
2025,IST,club,12742,0.3242580042065903,0.6842105263157895,1.0321997073519662,G,15.014035087719298
2025,IST,club,13389,0.5951169888097659,0.42105263157894735,0.930834055769361,G,8.62280701754386
2025,IST,club,14025,0.4327189792270233,0.7894736842105263,0.8927955440402104,F,7.1153508771929825
2025,IST,club,14102,0.4779587925251558,0.9473684210526315,0.8927955440402104,C,14.64561403508772
2025,IST,club,4887,0.5943268797838811,0.3684210526315789,1.6113437361266831,C,6.818859649122807
2025,IST,club,5844,0.3519061583577713,0.13157894736842105,0.858432154767608,C,1.9442982456140347
2025,IST,club,6372,0.186442063946357,0.6052631578947368,0.6038366338990503,F,5.363596491228069
2025,IST,club,6590,0.3761755485893417,0.5526315789473685,0.9559615489454242,G,6.855701754385966
2025,IST,club,7109,0.3176355470808139,0.9210526315789473,0.9172148380642121,F,17.48114035087719
2025,IST,club,7200,0.4969114619080302,0.3157894736842105,2.228864395876319,G,9.585526315789474
2025,IST,club,8176,0.2210314802411252,0.21052631578947367,0.8927955440402104,G,1.3096491228070175
2025,IST,club,9549,0.3580691808019831,0.7894736842105263,1.39646563826236,G,19.108333333333334
2025,IST,club,9754,0.4585891492294198,0.8947368421052632,1.0589788780630753,G,21.00263157894737
2025,IST,engine,11194,0.6540608142161165,1.0,1.1927675972778167,F,25.861979
2025,IST,engine,11209,0.20315145201198076,0.6578947368421053,0.46244792827484377,F,0.0
2025,IST,engine,11981,0.6939115929941618,0.7631578947368421,1.5430430118443217,C,26.619875
2025,IST,engine,12608,0.4755902865305437,0.9736842105263158,2.816854307913212,G,27.738397
2025,IST,engine,12788,0.6901225504037949,1.0,1.1169736015838454,C,9.0074285
2025,IST,engine,13369,0.5962467337081322,0.39473684210526316,1.8158755557044093,G,27.83916
2025,IST,engine,1518,0.2693026983702912,1.0,0.48293846475608093,F,0.0
2025,IST,engine,3526,0.21214676204204855,0.868421052631579,0.5248010996775119,G,0.0
2025,IST,engine,7027,0.6443699892305852,0.8421052631578947,1.7482907248887238,G,28.016479
2025,IST,engine,796,0.6655188958821371,0.8157894736842105,3.056281902136104,F,27.088192
2025,IST,engine,8987,0.6118995510029106,0.7894736842105263,2.2752194974200632,F,27.828489
2025,IST,engine,9513,0.28148432993655065,0.6842105263157895,0.5242158544242806,G,0.0
2025,MAD,club,10105,-0.2146690518783542,0.05263157894736842,0.8927955440402104,F,0.2451754385964912
2025,MAD,club,11247,0.3878686521081915,0.868421052631579,0.6760417991591592,G,13.637280701754387
2025,MAD,club,13555,0.0,0.02631578947368421,0.8927955440402104,F,0.021052631578947368
2025,MAD,club,13667,0.4992,0.13157894736842105,0.8345354108325875,C,1.3706140350877192
2025,MAD,club,14006,0.4655436447166922,0.9736842105263158,0.8927955440402104,F,17.18421052631579
2025,MAD,club,14117,0.7060697221730667,0.9473684210526315,0.8927955440402104,F,19.828070175438597
2025,MAD,club,14169,0.4739912493923189,0.5,0.8927955440402104,C,3.6087719298245613
2025,MAD,club,3108,0.5291844217619661,1.0,1.6950700446453033,F,22.12938596491228
2025,MAD,club,3733,0.2594291390341523,0.9473684210526315,0.6716793110182716,F,15.012719298245614
2025,MAD,club,5791,0.6781448969596504,1.0,2.0174683104625193,C,23.28333333333333
2025,MAD,club,5928,0.5987525987525988,1.0,2.3876944559537256,G,24.260964912280706
2025,MAD,club,6482,0.0756064265462564,0.3684210526315789,0.7543930583176874,G,4.176754385964912
2025,MAD,club,7027,0.6443699892305852,0.8421052631578947,1.7482907248887238,G,14.66140350877193
2025,MAD,club,7630,0.485629335976214,0.9210526315789473,0.6303261451386626,F,10.621052631578948
2025,MAD,club,8384,0.0540297163439892,0.13157894736842105,0.8690350328450583,F,0.9741228070175438
2025,MAD,club,9005,0.4427783279105955,0.9210526315789473,1.0244287492522537,F,18.602631578947367
2025,MAD,engine,11194,0.6540608142161165,1.0,1.1927675972778167,F,25.861979
2025,MAD,engine,11209,0.20315145201198076,0.6578947368421053,0.46244792827484377,F,0.0
2025,MAD,engine,11981,0.6939115929941618,0.7631578947368421,1.5430430118443217,C,26.619875
2025,MAD,engine,12608,0.4755902865305437,0.9736842105263158,2.816854307913212,G,27.738397
2025,MAD,engine,12774,0.5666225597708858,0.8157894736842105,2.115991448912538,G,28.409613
2025,MAD,engine,1518,0.2693026983702912,1.0,0.48293846475608093,F,0.0
2025,MAD,engine,5353,0.6614893912078769,0.5,0.93831401275527,C,8.4369751
2025,MAD,engine,7027,0.6443699892305852,0.8421052631578947,1.7482907248887238,G,28.016479
2025,MAD,engine,7673,0.31578947368421056,0.02631578947368421,0.5121658326596895,G,0.0
2025,MAD,engine,796,0.6655188958821371,0.8157894736842105,3.056281902136104,F,27.088192
2025,MAD,engine,8987,0.6118995510029106,0.7894736842105263,2.2752194974200632,F,27.828489
2025,MAD,engine,9513,0.28148432993655065,0.6842105263157895,0.5242158544242806,G,0.0
2025,MCO,club,10390,0.4147010422380691,0.9210526315789473,0.8910450639424323,C,15.991228070175437
2025,MCO,club,11212,0.4877276326207442,0.9736842105263158,1.4342018853144933,G,24.92763157894737
2025,MCO,club,11226,0.4962095106822881,1.0,1.2902451924640914,F,28.00175438596491
2025,MCO,club,11231,0.4523622725272201,1.0,0.85824648422613,F,22.92061403508772
2025,MCO,club,11935,1.0137839039573144,0.13157894736842105,0.8225879215447991,F,0.9864035087719298
2025,MCO,club,12515,0.389465045139148,0.8421052631578947,0.6242418012193783,F,5.878508771929824
2025,MCO,club,3836,-0.1119402985074626,0.10526315789473684,0.8927955440402104,G,0.2350877192982456
2025,MCO,club,4132,0.6050911114202253,0.8947368421052632,1.510565603544511,C,18.91842105263158
2025,MCO,club,5985,0.6350776535760214,0.8947368421052632,2.709066272562467,G,26.602631578947367
2025,MCO,club,796,0.6655188958821371,0.8157894736842105,3.056281902136104,F,15.539912280701756
2025,MCO,club,8099,0.4658146262863002,1.0,0.7851189721885857,G,23.953508771929823
2025,MCO,club,8161,0.3518424672410049,0.47368421052631576,0.6619994594055322,G,6.058333333333334
2025,MCO,club,848,0.4237814343371623,0.8421052631578947,1.1087940292756993,G,11.301754385964912
2025,MCO,engine,11085,0.3544402675389347,0.7368421052631579,0.8148082304603833,F,9.5956494
2025,MCO,engine,11194,0.6540608142161165,1.0,1.1927675972778167,F,25.861979
2025,MCO,engine,11196,0.7660149215333163,0.868421052631579,1.3446274501290918,C,26.669815
2025,MCO,engine,11209,0.20315145201198076,0.6578947368421053,0.46244792827484377,F,0.0
2025,MCO,engine,11981,0.6939115929941618,0.7631578947368421,1.5430430118443217,C,26.619875
2025,MCO,engine,12608,0.4755902865305437,0.9736842105263158,2.816854307913212,G,27.738397
2025,MCO,engine,12774,0.5666225597708858,0.8157894736842105,2.115991448912538,G,28.409613
2025,MCO,engine,1518,0.2693026983702912,1.0,0.48293846475608093,F,0.0
2025,MCO,engine,229,0.27254832685610464,0.5526315789473685,0.5411721601989202,G,0.0
2025,MCO,engine,7027,0.6443699892305852,0.8421052631578947,1.7482907248887238,G,28.016479
2025,MCO,engine,796,0.6655188958821371,0.8157894736842105,3.056281902136104,F,27.088192
2025,MCO,engine,9513,0.28148432993655065,0.6842105263157895,0.5242158544242806,G,0.0
2025,MIL,club,11064,0.2756086357372531,0.5789473684210527,0.7802741784209294,G,6.6837719298245615
2025,MIL,club,11199,0.6372534436081277,0.6842105263157895,1.3429393307832793,C,14.742543859649127
2025,MIL,club,11980,0.2085036794766966,0.2631578947368421,0.5792605010500561,F,2.145614035087719
2025,MIL,club,12593,0.4447933974838863,0.9473684210526315,0.8927955440402104,G,24.020614035087718
2025,MIL,club,13384,0.468111599673139,1.0,0.7529443917100379,G,22.54298245614035
2025,MIL,club,13385,0.4505632040050062,0.05263157894736842,0.6889938945493127,F,0.35043859649122805
2025,MIL,club,1518,0.2697350816162697,1.0,0.48293846475608093,F,16.390350877192983
2025,MIL,club,3048,0.4298379152861108,0.4473684210526316,0.7145590294257388,C,4.89780701754386
2025,MIL,club,4004,0.5055742805289085,0.9210526315789473,1.2202135260287958,G,20.299999999999997
2025,MIL,club,5379,-0.3236245954692557,0.05263157894736842,0.8927955440402104,F,0.406578947368421
2025,MIL,club,5670,0.1452784503631961,0.18421052631578946,0.5258261273526458,G,1.0868421052631578
2025,MIL,club,6277,0.6395348837209303,0.02631578947368421,0.8927955440402104,C,0.4526315789473684
2025,MIL,club,6509,0.1560758082497213,0.2631578947368421,0.6514576326790827,G,2.3605263157894734
2025,MIL,club,7056,0.4803229998143679,0.9473684210526315,1.6297051067405919,C,18.90175438596491
2025,MIL,club,7831,0.4758869768429998,0.9210526315789473,1.7543398648955268,F,24.773684210526316
2025,MIL,club,8985,0.4714078669683948,0.7631578947368421,0.9837493268726408,G,17.249561403508775
2025,MIL,club,8987,0.6118995510029106,0.7894736842105263,2.2752194974200632,F,19.439035087719297
2025,MIL,club,9622,0.4720782959124928,0.3157894736842105,1.0549454221454557,G,4.571052631578947
2025,MIL,engine,11194,0.6540608142161165,1.0,1.1927675972778167,F,25.861979
2025,MIL,engine,11196,0.7660149215333163,0.868421052631579,1.3446274501290918,C,8.4369751
2025,MIL,engine,11209,0.20315145201198076,0.6578947368421053,0.46244792827484377,F,0.0
2025,MIL,engine,11981,0.6939115929941618,0.7631578947368421,1.5430430118443217,C,26.619875
2025,MIL,engine,12608,0.4755902865305437,0.9736842105263158,2.816854307913212,G,27.738397
2025,MIL,engine,12774,0.5666225597708858,0.8157894736842105,2.115991448912538,G,28.409613
2025,MIL,engine,1518,0.2693026983702912,1.0,0.48293846475608093,F,0.0
2025,MIL,engine,7027,0.6443699892305852,0.8421052631578947,1.7482907248887238,G,28.016479
2025,MIL,engine,7673,0.31578947368421056,0.02631578947368421,0.5121658326596895,G,0.0
2025,MIL,engine,796,0.6655188958821371,0.8157894736842105,3.056281902136104,F,27.088192
2025,MIL,engine,8987,0.6118995510029106,0.7894736842105263,2.2752194974200632,F,27.828489
2025,MIL,engine,9513,0.28148432993655065,0.6842105263157895,0.5242158544242806,G,0.0
2025,MUN,club,11244,0.4865350089766607,0.9210526315789473,0.6632790543655402,F,14.657894736842106
2025,MUN,club,11836,0.4093296572820028,0.9736842105263158,0.6784119165727819,F,21.794298245614034
2025,MUN,club,12597,0.3404448479346346,0.23684210526315788,0.7879501190476704,G,3.8649122807017546
2025,MUN,club,1288,0.460361401137825,0.868421052631579,1.1413799700677127,F,20.121491228070177
2025,MUN,club,13290,0.4070309585975382,0.9736842105263158,0.8927955440402104,G,18.814035087719294
2025,MUN,club,13378,0.3160595177013853,0.8421052631578947,0.7092122557889315,G,12.82236842105263
2025,MUN,club,13383,0.3344262295081967,0.9473684210526315,0.8941175645783211,C,16.052631578947366
2025,MUN,club,13386,0.493675266253989,0.7368421052631579,0.9750871795251657,C,11.407456140350877
2025,MUN,club,14162,0.4256716810089995,0.2894736842105263,0.8927955440402104,G,6.676754385964914
2025,MUN,club,1557,0.2789488199834522,0.8421052631578947,0.6023609328790476,F,11.132017543859648
2025,MUN,club,4508,0.4524287147155753,0.9210526315789473,0.7620470228262216,G,24.487719298245608
2025,MUN,club,4512,-0.0689853406151192,0.23684210526315788,0.5403247281818137,C,1.5258771929824562
2025,MUN,club,4863,0.4130269654386631,0.5,0.8308457597516979,G,9.238596491228073
2025,MUN,club,6085,0.6679980029955068,0.42105263157894735,0.7871142515703442,G,8.785087719298243
2025,MUN,club,7201,0.4847876964226011,0.6052631578947368,1.0489477679830752,C,7.871052631578948
2025,MUN,club,9513,0.2814843299365506,0.6842105263157895,0.5242158544242806,G,11.405701754385966
2025,MUN,engine,11051,0.43240070436313827,0.8157894736842105,0.8067325892432848,F,19.313827
2025,MUN,engine,11085,0.3544402675389347,0.7368421052631579,0.8148082304603833,F,26.0588
2025,MUN,engine,11194,0.6540608142161165,1.0,1.1927675972778167,F,25.861979
2025,MUN,engine,11196,0.7660149215333163,0.868421052631579,1.3446274501290918,C,26.669815
2025,MUN,engine,11209,0.20315145201198076,0.6578947368421053,0.46244792827484377,F,0.0
2025,MUN,engine,12608,0.4755902865305437,0.9736842105263158,2.816854307913212,G,27.738397
2025,MUN,engine,12788,0.6901225504037949,1.0,1.1169736015838454,C,25.419949
2025,MUN,engine,1518,0.2693026983702912,1.0,0.48293846475608093,F,0.0
2025,MUN,engine,7027,0.6443699892305852,0.8421052631578947,1.7482907248887238,G,28.016479
2025,MUN,engine,7579,0.5216131369234485,0.13157894736842105,0.9077368378668031,F,20.920754
2025,MUN,engine,7673,0.31578947368421056,0.02631578947368421,0.5121658326596895,G,0.0
2025,MUN,engine,9513,0.28148432993655065,0.6842105263157895,0.5242158544242806,G,0.0
2025,OLY,club,10392,0.0,0.18421052631578946,0.6219436153136872,G,0.5508771929824561
2025,OLY,club,11196,0.7660149215333162,0.868421052631579,1.3446274501290918,C,13.63859649122807
2025,OLY,club,11218,0.0,0.02631578947368421,2.2805349245494986,G,0.05307017543859649
2025,OLY,club,11221,0.3967670830271859,0.10526315789473684,0.6590163443812594,C,0.5969298245614035
2025,OLY,club,11981,0.7063572149344097,0.3157894736842105,1.5430430118443217,C,5.21578947368421
2025,OLY,club,1255,0.1620141477143074,0.8157894736842105,0.8638754102223228,F,11.532456140350877
2025,OLY,club,12610,0.4107217792698279,0.8421052631578947,1.1122068402128906,F,16.722807017543857
2025,OLY,club,13380,0.3580017242161623,0.8947368421052632,1.2137119248765034,G,19.332456140350878
2025,OLY,club,13389,0.1594048884165781,0.2894736842105263,0.930834055769361,G,3.3017543859649123
2025,OLY,club,14122,-0.2752293577981651,0.10526315789473684,0.8927955440402104,G,0.3824561403508771
2025,OLY,club,14212,0.1084598698481561,0.18421052631578946,0.8927955440402104,G,2.4263157894736844
2025,OLY,club,14316,0.3965026433509556,0.2894736842105263,0.8927955440402104,G,4.314035087719299
2025,OLY,club,3469,0.8148877714996631,0.8947368421052632,4.675951745579319,F,25.382894736842104
2025,OLY,club,3941,0.9197357231634722,0.9210526315789473,1.6492430565495095,C,20.114473684210527
2025,OLY,club,6591,0.1814436604286277,0.6052631578947368,0.7853288692931736,G,10.007456140350879
2025,OLY,club,7853,0.4010222134853548,0.5789473684210527,0.8181911699083985,G,6.693421052631579
2025,OLY,club,8811,0.8188585607940446,0.05263157894736842,1.2431881192546768,C,0.35350877192982455
2025,OLY,club,8829,0.4953102346362103,1.0,1.241969998220543,F,14.823245614035088
2025,OLY,club,8855,0.376284993857891,0.8421052631578947,0.9779721619516135,G,20.351315789473684
2025,OLY,club,9849,0.575975875356006,1.0,0.6246519602462303,G,26.17982456140351
2025,OLY,engine,11194,0.6540608142161165,1.0,1.1927675972778167,F,9.7149968
2025,OLY,engine,11981,0.6939115929941618,0.7631578947368421,1.5430430118443217,C,26.619875
2025,OLY,engine,12608,0.4755902865305437,0.9736842105263158,2.816854307913212,G,27.738397
2025,OLY,engine,3469,0.8148877714996631,0.8947368421052632,4.675951745579319,F,28.13899
2025,OLY,engine,3842,0.6185567010309279,0.21052631578947367,2.833527130552394,C,24.854581
2025,OLY,engine,5713,0.3345454545454545,0.6842105263157895,0.7757221793662423,F,0.0
2025,OLY,engine,6482,0.07560642654625643,0.3684210526315789,0.7543930583176874,G,0.0
2025,OLY,engine,7027,0.6443699892305852,0.8421052631578947,1.7482907248887238,G,28.016479
2025,OLY,engine,7527,0.4649028903502065,0.8947368421052632,0.8715738043797561,G,0.0
2025,OLY,engine,796,0.6655188958821371,0.8157894736842105,3.056281902136104,F,27.088192
2025,OLY,engine,8987,0.6118995510029106,0.7894736842105263,2.2752194974200632,F,27.828489
2025,OLY,engine,9299,0.20417422867513613,0.4473684210526316,0.8826602927507414,G,0.0
2025,PAM,club,10042,0.7505350772889416,0.8421052631578947,0.8927955440402104,G,18.44298245614035
2025,PAM,club,10162,0.0945626477541371,0.34210526315789475,0.8927955440402104,G,1.1131578947368421
2025,PAM,club,10393,0.4507994948305756,1.0,0.5988229017329108,F,20.48991228070176
2025,PAM,club,10444,0.466680312289833,0.8947368421052632,1.0975235660534317,C,14.999561403508773
2025,PAM,club,10545,0.4939396062495621,0.9473684210526315,1.2275572105413832,C,12.52017543859649
2025,PAM,club,10750,0.3652859018741792,0.6842105263157895,0.8112416234315869,G,7.348245614035088
2025,PAM,club,11078,0.5535181430946904,1.0,1.2698001506098242,G,19.254824561403503
2025,PAM,club,11217,0.5824029328445259,0.8947368421052632,0.8927955440402104,F,21.056140350877193
2025,PAM,club,11980,0.1036866359447004,0.07894736842105263,0.5792605010500561,F,0.7614035087719297
2025,PAM,club,12738,0.5998756018337211,1.0,0.6091178555664285,F,19.0390350877193
2025,PAM,club,14115,0.4617759895199775,1.0,0.8927955440402104,G,18.749122807017542
2025,PAM,club,14133,0.2025658338960162,0.05263157894736842,0.8927955440402104,G,0.649561403508772
2025,PAM,club,14168,0.3481454278369446,0.7368421052631579,0.8927955440402104,F,11.94298245614035
2025,PAM,club,5356,0.035405192761605,0.2631578947368421,0.7666518052791339,F,2.2298245614035084
2025,PAM,club,5596,0.0606673407482305,0.15789473684210525,0.8927955440402104,C,1.3013157894736842
2025,PAM,club,6643,0.3380730426573839,0.9210526315789473,0.5470654793435651,F,14.867543859649123
2025,PAM,club,7527,0.4649028903502065,0.8947368421052632,0.8715738043797561,G,17.207894736842103
2025,PAM,engine,11085,0.3544402675389347,0.7368421052631579,0.8148082304603833,F,10.307214
2025,PAM,engine,11194,0.6540608142161165,1.0,1.1927675972778167,F,25.861979
2025,PAM,engine,11209,0.20315145201198076,0.6578947368421053,0.46244792827484377,F,0.0
2025,PAM,engine,11981,0.6939115929941618,0.7631578947368421,1.5430430118443217,C,26.619875
2025,PAM,engine,11987,0.43156821327117756,0.9473684210526315,1.5763473259097267,G,28.196947
2025,PAM,engine,12608,0.4755902865305437,0.9736842105263158,2.816854307913212,G,27.738397
2025,PAM,engine,12788,0.6901225504037949,1.0,1.1169736015838454,C,25.419949
2025,PAM,engine,13369,0.5962467337081322,0.39473684210526316,1.8158755557044093,G,27.83916
2025,PAM,engine,1518,0.2693026983702912,1.0,0.48293846475608093,F,0.0
2025,PAM,engine,7027,0.6443699892305852,0.8421052631578947,1.7482907248887238,G,28.016479
2025,PAM,engine,7673,0.31578947368421056,0.02631578947368421,0.5121658326596895,G,0.0
2025,PAM,engine,9513,0.28148432993655065,0.6842105263157895,0.5242158544242806,G,0.0
2025,PAN,club,11085,0.3544402675389347,0.7368421052631579,0.8148082304603833,F,8.983771929824561
2025,PAN,club,11204,0.3499706400469759,0.9473684210526315,1.1771977894379648,G,22.407894736842106
2025,PAN,club,11209,0.2031514520119807,0.6578947368421053,0.46244792827484377,F,3.3679824561403513
2025,PAN,club,11284,0.5918168533852898,0.7631578947368421,0.8927955440402104,C,10.805263157894737
2025,PAN,club,11442,0.4481327800829875,0.34210526315789475,0.8017547692191512,F,2.114035087719298
2025,PAN,club,12608,0.4755902865305437,0.9736842105263158,2.816854307913212,G,15.659210526315787
2025,PAN,club,12712,0.5083445560082508,1.0,1.2575566434747991,F,25.728508771929825
2025,PAN,club,12774,0.5666225597708858,0.8157894736842105,2.115991448912538,G,24.1969298245614
2025,PAN,club,14011,0.482897384305835,0.5,0.8927955440402104,C,9.373245614035088
2025,PAN,club,1926,0.596265428842705,0.9736842105263158,1.5551136530260732,G,20.787280701754387
2025,PAN,club,2328,0.0247524752475247,0.39473684210526316,0.730562386345207,G,2.126315789473684
2025,PAN,club,3842,0.6185567010309279,0.21052631578947367,2.833527130552394,C,4.424561403508772
2025,PAN,club,4088,0.4573136972649761,0.868421052631579,0.7549930020011341,F,23.76578947368421
2025,PAN,club,4292,0.297029702970297,0.21052631578947367,0.6703642616811519,G,1.9491228070175437
2025,PAN,club,4451,0.0,0.07894736842105263,0.8927955440402104,C,0.44517543859649117
2025,PAN,club,5353,0.6614893912078769,0.5,0.93831401275527,C,6.325438596491228
2025,PAN,club,7866,0.4194204372140315,0.7368421052631579,1.010660571035455,F,10.352631578947369
2025,PAN,club,8962,0.5272793848407177,0.2631578947368421,2.3738147000793055,F,7.186842105263157
2025,PAN,engine,11194,0.6540608142161165,1.0,1.1927675972778167,F,9.7149968
2025,PAN,engine,11209,0.20315145201198076,0.6578947368421053,0.46244792827484377,F,0.0
2025,PAN,engine,11981,0.6939115929941618,0.7631578947368421,1.5430430118443217,C,26.619875
2025,PAN,engine,12608,0.4755902865305437,0.9736842105263158,2.816854307913212,G,27.738397
2025,PAN,engine,3469,0.8148877714996631,0.8947368421052632,4.675951745579319,F,28.13899
2025,PAN,engine,3842,0.6185567010309279,0.21052631578947367,2.833527130552394,C,24.854581
2025,PAN,engine,4161,-0.6703910614525139,0.02631578947368421,0.6536747360117986,C,0.0
2025,PAN,engine,6482,0.07560642654625643,0.3684210526315789,0.7543930583176874,G,0.0
2025,PAN,engine,7027,0.6443699892305852,0.8421052631578947,1.7482907248887238,G,28.016479
2025,PAN,engine,796,0.6655188958821371,0.8157894736842105,3.056281902136104,F,27.088192
2025,PAN,engine,8987,0.6118995510029106,0.7894736842105263,2.2752194974200632,F,27.828489
2025,PAN,engine,9299,0.20417422867513613,0.4473684210526316,0.8826602927507414,G,0.0
2025,PAR,club,10581,0.3629807122013713,0.9210526315789473,0.8927955440402104,F,18.487280701754386
2025,PAR,club,11981,0.6877647645153252,0.4473684210526316,1.5430430118443217,C,10.560526315789474
2025,PAR,club,12167,0.0,0.07894736842105263,0.8061692944557459,F,0.24736842105263157
2025,PAR,club,12720,0.3919622127932111,0.9736842105263158,1.1094134505938602,G,27.392543859649127
2025,PAR,club,12745,0.263309851022058,0.39473684210526316,1.2532737755226866,F,7.595614035087719
2025,PAR,club,12943,-0.4918032786885245,0.13157894736842105,0.8927955440402104,F,0.3210526315789474
2025,PAR,club,12997,0.0,0.15789473684210525,0.8927955440402104,F,0.28815789473684206
2025,PAR,club,13369,0.5962467337081321,0.39473684210526316,1.8158755557044093,G,11.078070175438597
2025,PAR,club,13370,0.5035685963521015,0.6052631578947368,0.77249662865612,G,13.273684210526316
2025,PAR,club,13667,0.5691148989183985,0.8421052631578947,0.8345354108325875,C,15.490350877192979
2025,PAR,club,14007,0.3182030884417408,0.6052631578947368,0.8927955440402104,G,11.24736842105263
2025,PAR,club,14213,0.4628240839940004,0.2631578947368421,0.8927955440402104,G,6.140789473684211
2025,PAR,club,1932,0.3086126408184944,0.8157894736842105,0.8196515729255257,G,15.689912280701755
2025,PAR,club,4761,0.2029022730191344,0.5,0.7757866681535887,G,10.246052631578948
2025,PAR,club,5683,0.0292897241884305,0.2631578947368421,0.6603279022853573,F,1.7969298245614034
2025,PAR,club,6760,0.5152653679790358,1.0,0.9470261273777228,F,27.78333333333333
2025,PAR,club,7632,0.4825737265415549,0.02631578947368421,0.6646056474976989,F,0.16359649122807016
2025,PAR,club,7736,0.2070015220700152,0.6578947368421053,0.7043376211633601,G,8.644736842105264
2025,PAR,club,8232,0.2393617021276595,0.7105263157894737,0.5844185094605195,F,8.575438596491228
2025,PAR,club,9733,0.511874567673507,0.39473684210526316,0.8320386539764855,C,7.608771929824563
2025,PAR,engine,11194,0.6540608142161165,1.0,1.1927675972778167,F,25.861979
2025,PAR,engine,11209,0.20315145201198076,0.6578947368421053,0.46244792827484377,F,0.0
2025,PAR,engine,11981,0.6939115929941618,0.7631578947368421,1.5430430118443217,C,26.619875
2025,PAR,engine,12608,0.4755902865305437,0.9736842105263158,2.816854307913212,G,27.738397
2025,PAR,engine,12774,0.5666225597708858,0.8157894736842105,2.115991448912538,G,28.409613
2025,PAR,engine,13369,0.5962467337081322,0.39473684210526316,1.8158755557044093,G,8.4369751
2025,PAR,engine,1518,0.2693026983702912,1.0,0.48293846475608093,F,0.0
2025,PAR,engine,7027,0.6443699892305852,0.8421052631578947,1.7482907248887238,G,28.016479
2025,PAR,engine,7673,0.31578947368421056,0.02631578947368421,0.5121658326596895,G,0.0
2025,PAR,engine,796,0.6655188958821371,0.8157894736842105,3.056281902136104,F,27.088192
2025,PAR,engine,8987,0.6118995510029106,0.7894736842105263,2.2752194974200632,F,27.828489
2025,PAR,engine,9513,0.28148432993655065,0.6842105263157895,0.5242158544242806,G,0.0
2025,PRS,club,10431,0.3263841924196536,0.8421052631578947,0.8927955440402104,F,14.916228070175439
2025,PRS,club,11949,0.3154758427294503,0.5526315789473685,0.6905422111648071,F,7.507456140350877
2025,PRS,club,12403,0.4106545445258829,1.0,0.8927955440402104,C,17.174122807017543
2025,PRS,club,12611,0.3044826614040034,0.9473684210526315,0.6995037580196843,G,15.557017543859645
2025,PRS,club,12612,0.2530311017395888,0.2894736842105263,0.7891665396480548,C,2.4960526315789475
2025,PRS,club,12640,0.7889466550684765,0.9736842105263158,1.0540661958642248,G,21.681140350877197
2025,PRS,club,13373,0.3256768385516648,0.9473684210526315,0.6132866355195877,F,13.251754385964912
2025,PRS,club,14008,0.7569361411385764,0.9473684210526315,0.8927955440402104,G,17.974122807017544
2025,PRS,club,14009,0.3986349114144641,0.6052631578947368,0.8927955440402104,F,12.080701754385965
2025,PRS,club,14010,0.532791853558007,0.8947368421052632,0.8927955440402104,C,14.471929824561405
2025,PRS,club,14178,0.3750112683674389,0.6842105263157895,0.8927955440402104,G,14.596052631578946
2025,PRS,club,4197,0.2515210619778172,0.8947368421052632,0.5374436663121834,G,15.06622807017544
2025,PRS,club,4655,0.2762209767814251,0.23684210526315788,0.797277366098395,C,2.1912280701754385
2025,PRS,club,6904,0.2557233317096931,0.34210526315789475,0.8927955440402104,G,3.601754385964912
2025,PRS,club,7993,0.3569405099150141,0.8947368421052632,0.7308656676539889,F,15.482456140350878
2025,PRS,club,9664,0.4910091743119266,0.7368421052631579,0.7701748873147359,F,11.951754385964911
2025,PRS,engine,10392,0.0,0.18421052631578946,0.6219436153136872,G,12.433603
2025,PRS,engine,11085,0.3544402675389347,0.7368421052631579,0.8148082304603833,F,26.0588
2025,PRS,engine,11194,0.6540608142161165,1.0,1.1927675972778167,F,25.861979
2025,PRS,engine,11196,0.7660149215333163,0.868421052631579,1.3446274501290918,C,26.669815
2025,PRS,engine,11209,0.20315145201198076,0.6578947368421053,0.46244792827484377,F,0.0
2025,PRS,engine,12608,0.4755902865305437,0.9736842105263158,2.816854307913212,G,27.738397
2025,PRS,engine,12712,0.5083445560082508,1.0,1.2575566434747991,F,27.800978
2025,PRS,engine,12788,0.6901225504037949,1.0,1.1169736015838454,C,25.419949
2025,PRS,engine,1518,0.2693026983702912,1.0,0.48293846475608093,F,0.0
2025,PRS,engine,7027,0.6443699892305852,0.8421052631578947,1.7482907248887238,G,28.016479
2025,PRS,engine,7673,0.31578947368421056,0.02631578947368421,0.5121658326596895,G,0.0
2025,PRS,engine,9513,0.28148432993655065,0.6842105263157895,0.5242158544242806,G,0.0
2025,RED,club,11214,0.4418604651162791,0.21052631578947367,1.174341820914029,F,2.263157894736842
2025,RED,club,11305,0.1435733819507748,0.2631578947368421,0.8927955440402104,G,3.8491228070175443
2025,RED,club,11686,0.0,0.02631578947368421,0.8927955440402104,G,0.022368421052631576
2025,RED,club,11982,0.3365705672473336,1.0,1.3930812611238155,F,22.987280701754383
2025,RED,club,12044,0.1412027001919861,0.6578947368421053,0.8872021565088609,G,7.082017543859651
2025,RED,club,12201,0.6992419399031875,0.8947368421052632,2.775633268575098,F,24.010964912280702
2025,RED,club,13363,0.5947762163767659,0.868421052631579,0.8366703288365928,F,23.626754385964908
2025,RED,club,14028,0.0753295668549905,0.18421052631578946,0.8927955440402104,G,2.0960526315789476
2025,RED,club,14029,0.7138686131386861,0.8421052631578947,0.8927955440402104,C,12.017543859649123
2025,RED,club,14094,0.3127909141686836,0.34210526315789475,0.8927955440402104,G,2.3557017543859646
2025,RED,club,14163,0.5441955193482688,0.8157894736842105,0.8927955440402104,G,16.15131578947368
2025,RED,club,4007,0.3583808863527278,0.6578947368421053,0.5596733003069563,F,8.224122807017544
2025,RED,club,4866,0.2787061689231292,1.0,1.1487087373044513,F,23.227631578947367
2025,RED,club,6240,0.1125175808720112,0.18421052631578946,0.7841141322090995,C,0.9355263157894735
2025,RED,club,7960,0.2441471571906354,0.5526315789473685,0.6773466239349143,F,7.868421052631578
2025,RED,club,9035,0.5680241573492206,0.3684210526315789,1.893175588946201,C,5.374122807017543
2025,RED,club,9048,0.487832516501884,1.0,1.220139746695455,G,30.964035087719296
2025,RED,engine,11194,0.6540608142161165,1.0,1.1927675972778167,F,25.861979
2025,RED,engine,11209,0.20315145201198076,0.6578947368421053,0.46244792827484377,F,0.0
2025,RED,engine,11981,0.6939115929941618,0.7631578947368421,1.5430430118443217,C,26.619875
2025,RED,engine,12608,0.4755902865305437,0.9736842105263158,2.816854307913212,G,27.738397
2025,RED,engine,12774,0.5666225597708858,0.8157894736842105,2.115991448912538,G,28.409613
2025,RED,engine,13369,0.5962467337081322,0.39473684210526316,1.8158755557044093,G,8.4369751
2025,RED,engine,1518,0.2693026983702912,1.0,0.48293846475608093,F,0.0
2025,RED,engine,7027,0.6443699892305852,0.8421052631578947,1.7482907248887238,G,28.016479
2025,RED,engine,7673,0.31578947368421056,0.02631578947368421,0.5121658326596895,G,0.0
2025,RED,engine,796,0.6655188958821371,0.8157894736842105,3.056281902136104,F,27.088192
2025,RED,engine,8987,0.6118995510029106,0.7894736842105263,2.2752194974200632,F,27.828489
2025,RED,engine,9513,0.28148432993655065,0.6842105263157895,0.5242158544242806,G,0.0
2025,TEL,club,10781,0.5074320861096874,0.42105263157894735,0.8624373283541603,G,10.268421052631577
2025,TEL,club,11193,0.455079006772009,1.0,1.0775712520406138,G,19.42982456140351
2025,TEL,club,11219,0.6157734505141018,1.0,1.0809398785496325,C,22.906578947368423
2025,TEL,club,13289,0.4246461282264779,0.9736842105263158,0.8927955440402104,C,13.695614035087718
2025,TEL,club,13304,0.4465296877527908,0.2631578947368421,0.8927955440402104,G,2.7109649122807014
2025,TEL,club,13381,0.2307776841642551,1.0,0.6007259463163688,F,11.973245614035088
2025,TEL,club,13403,0.5559772792712614,0.7368421052631579,1.0536152293231669,G,16.755701754385967
2025,TEL,club,13699,0.4358453068963154,0.9736842105263158,0.913226924408404,G,19.20043859649123
2025,TEL,club,14012,0.6889185580774365,0.631578947368421,0.8927955440402104,F,11.49780701754386
2025,TEL,club,14120,0.2962085308056872,0.39473684210526316,0.8927955440402104,F,4.442105263157895
2025,TEL,club,14121,0.186335403726708,0.07894736842105263,0.8927955440402104,C,0.42368421052631583
2025,TEL,club,14123,0.4051565377532228,0.5,0.8927955440402104,G,8.573684210526316
2025,TEL,club,14127,0.4247707631187513,0.9473684210526315,0.8927955440402104,F,23.294298245614034
2025,TEL,club,6835,0.560302794902732,0.9210526315789473,1.6229640064830648,F,26.536403508771926
2025,TEL,club,7673,0.3157894736842105,0.02631578947368421,0.5121658326596895,G,0.08333333333333333
2025,TEL,club,7990,0.3127423106745929,0.7105263157894737,0.6898627664179878,G,10.181578947368418
2025,TEL,engine,11085,0.3544402675389347,0.7368421052631579,0.8148082304603833,F,10.307214
2025,TEL,engine,11194,0.6540608142161165,1.0,1.1927675972778167,F,25.861979
2025,TEL,engine,11209,0.20315145201198076,0.6578947368421053,0.46244792827484377,F,0.0
2025,TEL,engine,11981,0.6939115929941618,0.7631578947368421,1.5430430118443217,C,26.619875
2025,TEL,engine,11987,0.43156821327117756,0.9473684210526315,1.5763473259097267,G,28.196947
2025,TEL,engine,12608,0.4755902865305437,0.9736842105263158,2.816854307913212,G,27.738397
2025,TEL,engine,12788,0.6901225504037949,1.0,1.1169736015838454,C,25.419949
2025,TEL,engine,13369,0.5962467337081322,0.39473684210526316,1.8158755557044093,G,27.83916
2025,TEL,engine,1518,0.2693026983702912,1.0,0.48293846475608093,F,0.0
2025,TEL,engine,7027,0.6443699892305852,0.8421052631578947,1.7482907248887238,G,28.016479
2025,TEL,engine,7673,0.31578947368421056,0.02631578947368421,0.5121658326596895,G,0.0
2025,TEL,engine,9513,0.28148432993655065,0.6842105263157895,0.5242158544242806,G,0.0
2025,ULK,club,11205,0.3662096417514374,0.7894736842105263,0.8983741917881115,G,19.833333333333332
2025,ULK,club,12613,0.2696819787985866,0.8157894736842105,0.985070554727885,F,15.515350877192985
2025,ULK,club,14015,0.1330714149927127,0.6842105263157895,0.8927955440402104,C,6.921491228070175
2025,ULK,club,14016,0.3293854521425304,0.6842105263157895,0.8927955440402104,G,8.628508771929825
2025,ULK,club,14124,0.6201064829314125,0.9473684210526315,0.8927955440402104,G,22.407017543859645
2025,ULK,club,14220,0.5103165852890219,0.2894736842105263,0.8927955440402104,C,2.7846491228070174
2025,ULK,club,2100,0.5916001806412765,0.3157894736842105,1.5048139185405467,G,5.827192982456141
2025,ULK,club,2849,0.4280288274250097,0.7894736842105263,0.8729877748172015,F,18.0140350877193
2025,ULK,club,2969,0.023932987634623,0.18421052631578946,0.6531779107082798,G,1.099561403508772
2025,ULK,club,3091,0.2371980974735932,0.631578947368421,0.6070519699883837,F,7.1004385964912275
2025,ULK,club,6661,0.3934794828555368,0.15789473684210525,0.7146218697581592,G,2.34078947368421
2025,ULK,club,6961,0.3306169965075669,0.9473684210526315,0.8029003503622844,F,22.605263157894736
2025,ULK,club,7182,0.2617068554028475,1.0,0.8342268383691256,C,15.98815789473684
2025,ULK,club,7929,0.2276422764227642,0.7368421052631579,0.6487007453727558,F,8.092105263157894
2025,ULK,club,8104,0.3725606150206978,0.13157894736842105,0.7665501205804903,G,1.483333333333333
2025,ULK,club,9783,0.5305798252581414,0.9210526315789473,1.115854933364173,F,16.56578947368421
2025,ULK,club,9863,0.6432210585904331,0.9736842105263158,1.6331468928688528,G,24.792982456140354
2025,ULK,engine,11085,0.3544402675389347,0.7368421052631579,0.8148082304603833,F,9.4258058
2025,ULK,engine,11194,0.6540608142161165,1.0,1.1927675972778167,F,25.861979
2025,ULK,engine,11196,0.7660149215333163,0.868421052631579,1.3446274501290918,C,26.669815
2025,ULK,engine,11209,0.20315145201198076,0.6578947368421053,0.46244792827484377,F,0.0
2025,ULK,engine,11981,0.6939115929941618,0.7631578947368421,1.5430430118443217,C,26.619875
2025,ULK,engine,12608,0.4755902865305437,0.9736842105263158,2.816854307913212,G,27.738397
2025,ULK,engine,13369,0.5962467337081322,0.39473684210526316,1.8158755557044093,G,27.83916
2025,ULK,engine,1518,0.2693026983702912,1.0,0.48293846475608093,F,0.0
2025,ULK,engine,7027,0.6443699892305852,0.8421052631578947,1.7482907248887238,G,28.016479
2025,ULK,engine,7673,0.31578947368421056,0.02631578947368421,0.5121658326596895,G,0.0
2025,ULK,engine,8987,0.6118995510029106,0.7894736842105263,2.2752194974200632,F,27.828489
2025,ULK,engine,9513,0.28148432993655065,0.6842105263157895,0.5242158544242806,G,0.0
2025,VIR,club,11051,0.4324007043631383,0.8157894736842105,0.8067325892432848,F,13.450000000000001
2025,VIR,club,11816,0.3217358772914328,0.7105263157894737,0.6930334710222352,F,7.03421052631579
2025,VIR,club,11987,0.4315682132711778,0.9473684210526315,1.5763473259097267,G,24.085964912280705
2025,VIR,club,12585,0.6137352774840787,0.8947368421052632,0.8424457298565087,G,17.837280701754388
2025,VIR,club,12687,0.504538823147998,1.0,0.8927955440402104,F,21.64561403508772
2025,VIR,club,13027,0.1184210526315789,0.15789473684210525,0.8927955440402104,G,0.6666666666666666
2025,VIR,club,13028,-0.1211713227869404,0.13157894736842105,0.8927955440402104,G,1.3030701754385963
2025,VIR,club,13374,0.5640480667048149,0.868421052631579,0.8637799114980939,C,16.09605263157895
2025,VIR,club,14004,0.2542372881355932,0.2894736842105263,0.8927955440402104,G,2.1736842105263157
2025,VIR,club,14005,0.3879829705197204,0.9736842105263158,0.8927955440402104,F,21.84035087719298
2025,VIR,club,14108,0.6039592886701712,0.7368421052631579,0.8927955440402104,C,7.842982456140348
2025,VIR,club,14219,0.3562119895742832,0.3157894736842105,0.8927955440402104,G,3.0289473684210533
2025,VIR,club,1844,0.3067874210473548,0.8947368421052632,0.727271215303962,G,13.124122807017546
2025,VIR,club,5422,0.2598293529991853,0.9736842105263158,0.8927955440402104,F,20.45877192982456
2025,VIR,club,6739,0.3602357906993668,0.631578947368421,0.7400931808992046,G,12.053508771929826
2025,VIR,club,7947,0.4654100763050179,0.8157894736842105,0.6796665905813684,G,17.358771929824563
2025,VIR,engine,11085,0.3544402675389347,0.7368421052631579,0.8148082304603833,F,10.345396
2025,VIR,engine,11194,0.6540608142161165,1.0,1.1927675972778167,F,25.861979
2025,VIR,engine,11209,0.20315145201198076,0.6578947368421053,0.46244792827484377,F,0.0
2025,VIR,engine,11981,0.6939115929941618,0.7631578947368421,1.5430430118443217,C,26.619875
2025,VIR,engine,11987,0.43156821327117756,0.9473684210526315,1.5763473259097267,G,28.196947
2025,VIR,engine,12608,0.4755902865305437,0.9736842105263158,2.816854307913212,G,27.738397
2025,VIR,engine,12712,0.5083445560082508,1.0,1.2575566434747991,F,27.800978
2025,VIR,engine,12788,0.6901225504037949,1.0,1.1169736015838454,C,25.419949
2025,VIR,engine,1518,0.2693026983702912,1.0,0.48293846475608093,F,0.0
2025,VIR,engine,7027,0.6443699892305852,0.8421052631578947,1.7482907248887238,G,28.016479
2025,VIR,engine,7673,0.31578947368421056,0.02631578947368421,0.5121658326596895,G,0.0
2025,VIR,engine,9513,0.28148432993655065,0.6842105263157895,0.5242158544242806,G,0.0
2025,ZAL,club,11927,0.3515237420269312,1.0,0.8927955440402104,F,18.56578947368421
2025,ZAL,club,11983,0.2246241169011533,0.9473684210526315,0.6842663132952542,F,14.52719298245614
2025,ZAL,club,12878,0.7485963817841548,1.0,0.8906423634668986,C,23.20131578947368
2025,ZAL,club,12977,0.4958677685950413,0.05263157894736842,0.8927955440402104,G,0.47763157894736835
2025,ZAL,club,2329,0.3418518165347573,1.0,1.010090176829714,F,18.398245614035087
2025,ZAL,club,2676,0.4320091986749528,0.8947368421052632,0.7363346651087334,F,16.02061403508772
2025,ZAL,club,5504,0.5096683314124728,0.9736842105263158,0.7795195565316377,C,10.275
2025,ZAL,club,7029,0.293398533007335,0.631578947368421,0.8021431538571263,F,8.431140350877193
2025,ZAL,club,7032,0.4309140377968968,0.9736842105263158,0.8917259097361538,G,17.89342105263158
2025,ZAL,club,7513,0.1565364546608376,0.4473684210526316,0.5875300782623174,G,6.220175438596492
2025,ZAL,club,7975,0.7175133948744432,1.0,1.5918602308558165,G,27.17719298245614
2025,ZAL,club,7982,0.4684876748834111,0.7105263157894737,0.9267017164658792,G,16.458333333333332
2025,ZAL,club,8192,0.5593333198813535,1.0,0.8927955440402104,F,21.73640350877193
2025,ZAL,club,9299,0.2041742286751361,0.4473684210526316,0.8826602927507414,G,1.9333333333333331
2025,ZAL,engine,10392,0.0,0.18421052631578946,0.6219436153136872,G,16.07682
2025,ZAL,engine,11051,0.43240070436313827,0.8157894736842105,0.8067325892432848,F,24.157761
2025,ZAL,engine,11085,0.3544402675389347,0.7368421052631579,0.8148082304603833,F,26.0588
2025,ZAL,engine,11194,0.6540608142161165,1.0,1.1927675972778167,F,25.861979
2025,ZAL,engine,11196,0.7660149215333163,0.868421052631579,1.3446274501290918,C,26.669815
2025,ZAL,engine,11209,0.20315145201198076,0.6578947368421053,0.46244792827484377,F,0.0
2025,ZAL,engine,12608,0.4755902865305437,0.9736842105263158,2.816854307913212,G,27.738397
2025,ZAL,engine,12788,0.6901225504037949,1.0,1.1169736015838454,C,25.419949
2025,ZAL,engine,1518,0.2693026983702912,1.0,0.48293846475608093,F,0.0
2025,ZAL,engine,7027,0.6443699892305852,0.8421052631578947,1.7482907248887238,G,28.016479
2025,ZAL,engine,7673,0.31578947368421056,0.02631578947368421,0.5121658326596895,G,0.0
2025,ZAL,engine,9513,0.28148432993655065,0.6842105263157895,0.5242158544242806,G,0.0
