player_code,season,ppm_hat,ppm_sd,gap,ppm_lag_shrunk,ppm_actual
10106,2025,0.46941663027241615,0.08971663147816611,1.0,0.45913462311087616,-0.379746835443038
10316,2025,0.30015778755012695,0.09335817375378767,1.0,0.32684801963312243,0.19115237575095578
10390,2025,0.4279763406523842,0.0790139848185822,1.0,0.43449262821980783,0.41470104223806914
10391,2025,0.4904130126917668,0.0683467135186521,1.0,0.4748821358542912,0.3810238843789593
10392,2025,0.4124132689087922,0.13332263845748965,1.0,0.46294227820008693,0.0
10393,2025,0.37690165628232536,0.09624530141849075,2.0,0.4007936852233789,0.45079949483057546
10444,2025,0.4326246034862751,0.07475039615294145,2.0,0.44811907481000285,0.466680312289833
10545,2025,0.543720251134959,0.07503438776189246,1.0,0.5202637218728889,0.4939396062495621
10568,2025,0.498112002121154,0.0690419397495629,2.0,0.49137771748932785,0.5809292238943284
10750,2025,0.4325174129692666,0.08698226147063873,2.0,0.42741909449054294,0.36528590187417936
10781,2025,0.3355726589280786,0.07030247063956069,1.0,0.35747407942212284,0.5074320861096874
11051,2025,0.4843621851965749,0.09147691210419563,1.0,0.4828710418953694,0.43240070436313827
11052,2025,0.4219317164520796,0.1029995623279878,1.0,0.4402692856248537,0.3049907578558226
11064,2025,0.3980561653616431,0.07494687679792256,1.0,0.3947721010366828,0.27560863573725314
11078,2025,0.47126766193254055,0.06780885406170846,1.0,0.45905567301554073,0.5535181430946905
11085,2025,0.5028601723537209,0.08155631299310036,1.0,0.4864939398520002,0.3544402675389347
11157,2025,0.5837599822762636,0.07970970892336587,2.0,0.5690600227138183,0.5744125326370757
11193,2025,0.48158757999498925,0.07139488740987979,1.0,0.46757586275962165,0.455079006772009
11194,2025,0.6514677110623572,0.07973330041332259,1.0,0.6054782881376737,0.6540608142161165
11196,2025,0.619345080464843,0.07588846766390372,1.0,0.5837223274907819,0.7660149215333163
11199,2025,0.45980708903111017,0.08019492960064056,1.0,0.4615776009159064,0.6372534436081276
11201,2025,0.37300080699787186,0.14631432043521503,2.0,0.42135574536740256,0.3010571472345641
11204,2025,0.4026158668241339,0.06825322472025319,1.0,0.4139147932299416,0.3499706400469759
11205,2025,0.3589119389672284,0.07276483893077765,1.0,0.37740763780480285,0.36620964175143744
11209,2025,0.3018263820483932,0.13341770735227662,1.0,0.3582864185843125,0.20315145201198076
11212,2025,0.5574861804065512,0.07050434378353167,1.0,0.526716144865776,0.48772763262074426
11214,2025,0.5068740769090966,0.07504665918623829,1.0,0.5041849123529717,0.4418604651162791
11218,2025,0.6442873130397333,0.06692813217171065,2.0,0.5961664690838575,0.0
11219,2025,0.5008481992907132,0.07268973683776643,1.0,0.48767733220000653,0.6157734505141018
11221,2025,0.40997207953473563,0.13671837910621168,1.0,0.4509373466724565,0.3967670830271859
11226,2025,0.4592260809661662,0.06839032644574863,1.0,0.4448487424331099,0.49620951068228814
11231,2025,0.3961669629464031,0.07335465780280084,1.0,0.41358613240827163,0.4523622725272203
11244,2025,0.3849241529217327,0.09006555557427923,1.0,0.40812725972742675,0.48653500897666063
11247,2025,0.3490937590833722,0.09552667919196192,1.0,0.3870247415619156,0.38786865210819155
11286,2025,0.43472056598543984,0.06292666599684753,3.0,0.4259916228297723,0.4741598529009037
1133,2025,0.5975224361623979,0.06684111926934938,1.0,0.5672991178647715,0.6220865820773847
11442,2025,0.4273044401043845,0.22930382009104666,1.0,0.45249091702305894,0.44813278008298757
11816,2025,0.37139703323231726,0.11461376083486874,1.0,0.4200117920837426,0.3217358772914328
11836,2025,0.32483557160448456,0.09037779656614563,1.0,0.3640352594302045,0.40932965728200266
11935,2025,0.42553672056750547,0.11413895498868029,3.0,0.4539391063146159,1.0137839039573144
11948,2025,0.32578157387605056,0.07439731407553876,1.0,0.3420227968261904,0.3348660886658008
11949,2025,0.3893298118715644,0.10221695050035941,1.0,0.42549312202599565,0.31547584272945023
11980,2025,0.30247341771742864,0.11279066915406165,2.0,0.3618602516589329,0.1810500905250452
11981,2025,0.6520351266507063,0.07389254889129296,1.0,0.6075239549367597,0.6939115929941618
11982,2025,0.5741841444241533,0.07466807049901705,2.0,0.5580869010753495,0.3365705672473336
11983,2025,0.4311225540411324,0.0840668861010435,1.0,0.43701169946256546,0.2246241169011533
11987,2025,0.5964580881381475,0.06538029802838079,1.0,0.545898710199301,0.43156821327117756
12044,2025,0.4501664871795759,0.08705198216183065,1.0,0.4552758140447504,0.1412027001919861
12080,2025,0.33725145938622936,0.07026023547285623,1.0,0.3563196469772907,0.6449732172138614
12096,2025,0.4944752967457953,0.08008081844438372,2.0,0.4986527975375695,0.5498690787907641
12167,2025,0.41404265562823755,0.11968803786468951,1.0,0.42490617213268633,0.0
12201,2025,0.6405778628877848,0.06591513523447107,1.0,0.5905666778482102,0.6992419399031876
12365,2025,0.4107903790969461,0.37334644990474675,2.0,0.44455469139970705,0.0
12515,2025,0.37269236664050803,0.1034965919679896,1.0,0.41852282994070245,0.389465045139148
1255,2025,0.34746067877625514,0.08096160117741065,1.0,0.3905599642793106,0.16201414771430742
12585,2025,0.4104764946589791,0.08169196420092181,1.0,0.42459752986442173,0.6137352774840787
12597,2025,0.3473703306840726,0.0760529701941248,1.0,0.36781209264486747,0.34044484793463453
12608,2025,0.8002607769269917,0.06727281231090056,1.0,0.715605012739386,0.4755902865305437
12609,2025,0.4062812972722314,0.08080198755760885,1.0,0.4203194296896231,0.34437315762094683
12610,2025,0.444122331829891,0.06873983174110751,1.0,0.4341794613768034,0.410721779269828
12611,2025,0.34281702754516213,0.10355642079999694,1.0,0.38667794938783656,0.30448266140400343
12612,2025,0.41528889381798356,0.13279995574351702,1.0,0.43814122804046823,0.2530311017395888
12613,2025,0.4144677474902777,0.06995788231625535,1.0,0.4041213129977942,0.2696819787985865
12640,2025,0.5214318516841758,0.07936608720111778,1.0,0.49651702623524663,0.7889466550684765
12710,2025,0.42487775835890357,0.08564815005046456,1.0,0.43669028929307135,0.4649576536122322
12712,2025,0.5565676474207003,0.06709420365841098,1.0,0.5261768836010275,0.5083445560082508
12720,2025,0.45167941079044077,0.06908812861698636,1.0,0.4460350109104302,0.39196221279321103
12731,2025,0.4092631017432658,0.07989146519831816,1.0,0.4156995155095661,0.4334038054968288
12738,2025,0.27971758702261407,0.09190374656091084,2.0,0.32953787788140476,0.5998756018337211
12742,2025,0.47941588760743115,0.08444672855503241,1.0,0.48470715568678735,0.3242580042065903
12745,2025,0.47691914128511576,0.06704850765657029,1.0,0.4625750244079887,0.263309851022058
12774,2025,0.6466459354670946,0.06246566209808083,1.0,0.5885814634947575,0.5666225597708858
12788,2025,0.5930935825911622,0.08620871999780345,1.0,0.5685247295864168,0.6901225504037949
12795,2025,0.41850642786105174,0.08096743947294997,1.0,0.4411077267536652,0.2697180220678382
12878,2025,0.4352724684736194,0.09833126326980907,1.0,0.454304910786562,0.7485963817841549
1288,2025,0.4385358762259669,0.07008578274248699,1.0,0.4525257599837522,0.46036140113782503
13363,2025,0.4205526470885325,0.08341772036148855,1.0,0.4315464253153542,0.5947762163767659
13367,2025,0.4791486105596558,0.07049565249425027,1.0,0.46219121494950904,0.6081919735208939
13369,2025,0.6267130990577708,0.06747136074028914,1.0,0.577564296864649,0.5962467337081322
13370,2025,0.410595081024779,0.09293847183870606,1.0,0.42587495797250063,0.5035685963521015
13371,2025,0.29271218733685295,0.08748329947333428,1.0,0.3473385902708762,0.4702594325293153
13373,2025,0.34603975093670375,0.10758223172354218,1.0,0.3940224557780375,0.3256768385516648
13374,2025,0.4784999993368077,0.08890045224878033,1.0,0.47416777830260554,0.564048066704815
13378,2025,0.3637291831376606,0.099307529641407,1.0,0.40946488857161045,0.31605951770138535
13380,2025,0.47080396296115123,0.06940174362115736,1.0,0.4706357063021711,0.3580017242161622
13381,2025,0.3264552241079363,0.10554866248793822,1.0,0.3746279875081583,0.2307776841642551
13382,2025,0.44049729932227744,0.06650255638941681,1.0,0.44133869730245645,0.08595988538681948
13383,2025,0.46146459438814647,0.08575250805701974,1.0,0.46916061397109415,0.3344262295081968
13384,2025,0.4064773418810002,0.09145355189586175,1.0,0.4271414164946219,0.46694423907545035
13385,2025,0.4015307089557137,0.12013454854761983,1.0,0.43195351735485066,0.45056320400500627
13386,2025,0.5269503860349803,0.08752545099812116,1.0,0.5172984717233773,0.493675266253989
13389,2025,0.46022343109429936,0.08011844911089296,1.0,0.4569750471052232,0.47447403266146826
13403,2025,0.48856647831482686,0.07447865296392568,1.0,0.4755368952927571,0.5559772792712613
13667,2025,0.4219617210169135,0.0936519806559481,1.0,0.44106364531945885,0.5634315740186769
13699,2025,0.46073511010804075,0.08099629943579419,1.0,0.4527009553783314,0.4358453068963154
1518,2025,0.25764136949890426,0.09113715979724325,1.0,0.32712645124570255,0.2693026983702912
1557,2025,0.3199467605773504,0.0838422509164315,1.0,0.36986434828081716,0.2789488199834522
1844,2025,0.23076652844658005,0.08989337986792524,1.0,0.31405966906502114,0.3067874210473549
1926,2025,0.5164569397915149,0.07574806652050738,1.0,0.5192443928716999,0.596265428842705
1932,2025,0.3449229929762089,0.08211731216106515,1.0,0.3925471484008899,0.3086126408184944
2100,2025,0.5533787450385944,0.07760848214461298,1.0,0.5594360494293463,0.7389514510257544
229,2025,0.2272925501348052,0.09140520767895585,1.0,0.3079749614181244,0.27254832685610464
2328,2025,0.3859020904066309,0.10522568505275394,1.0,0.4283803459824967,0.024752475247524747
2329,2025,0.37134311062172815,0.07434877337152938,1.0,0.3960444903961128,0.3418518165347574
2580,2025,0.5550387592083519,0.06245812810872891,3.0,0.5221592770882499,0.45358896422726225
2661,2025,0.36462093307163745,0.08198277268503162,3.0,0.4066139691497295,0.24786560176259978
2676,2025,0.31616448695255,0.07496731231668112,1.0,0.3548057021644416,0.43200919867495274
2849,2025,0.3746726790182773,0.0850865437303222,1.0,0.41428389279593625,0.42802882742500975
2939,2025,0.42336067018409107,0.07282446652354789,1.0,0.4401406343873919,0.44440224100275366
2968,2025,0.3959855220512614,0.093316359882927,1.0,0.437868152035055,0.18220467658669906
2969,2025,0.35651863154891067,0.15396501085029513,1.0,0.4293808326885404,0.023932987634623044
3048,2025,0.3239366572516303,0.08935285049024798,1.0,0.39074840397416866,0.4298379152861108
3091,2025,0.39373503931895204,0.19625847171262292,1.0,0.45175148803455445,0.2371980974735932
3108,2025,0.5258997516043319,0.06758825945962921,1.0,0.5018424571938482,0.5291844217619661
3196,2025,0.5506333233036139,0.09015532661941511,1.0,0.5519835709002652,0.5067801643076314
3469,2025,0.7759394988894168,0.06339238793477686,1.0,0.6918059347714169,0.8148877714996631
3526,2025,0.20368553277196885,0.07996094825964689,1.0,0.2816097974376951,0.21214676204204855
3527,2025,0.30479259745967807,0.10183136675579996,2.0,0.3686861805870862,0.14378098020549523
3733,2025,0.34025621791876176,0.08200328021814851,1.0,0.3726078637524034,0.25942913903415227
3842,2025,0.6616168502915493,0.06798727770594781,1.0,0.6103971183294694,0.6185567010309279
3941,2025,0.6188815003368421,0.07944541400806038,1.0,0.5944987225008904,0.9197357231634721
3983,2025,0.4391925329720493,0.08179460303049668,2.0,0.45880774136129954,0.5821353865325559
4004,2025,0.5148217502666449,0.07475938769577344,1.0,0.502968066618439,0.5055742805289085
4007,2025,0.2929593087448348,0.10539420999362241,1.0,0.35395616450199185,0.3583808863527279
4088,2025,0.3756691907110657,0.08248246926741884,1.0,0.40288138109453014,0.4573136972649762
4132,2025,0.5357289399679387,0.07170667452365276,1.0,0.5256761780524857,0.6050911114202253
4161,2025,0.33853091344735825,0.12680816165482642,8.0,0.4069066185497853,-0.6703910614525139
4197,2025,0.2504742539329722,0.09246690266979096,1.0,0.3195729404626634,0.2515210619778172
4292,2025,0.3559372035705679,0.15714019663678086,8.0,0.4243211589667046,0.29702970297029707
4508,2025,0.3358118217735493,0.07141819509164168,1.0,0.3541710718186608,0.4524287147155754
4512,2025,0.24117681992683754,0.11434868378152768,1.0,0.3104369652108634,-0.06898534061511928
4655,2025,0.41352360042001407,0.08986566012650994,3.0,0.44421500286287646,0.27622097678142515
4761,2025,0.31187289526837353,0.0734281602335008,1.0,0.33444278899850133,0.20290227301913444
4863,2025,0.386894678231533,0.08582956988135727,2.0,0.43105514386628874,0.413026965438663
4866,2025,0.41972866019525973,0.06755815005435901,1.0,0.42682164982691395,0.2787061689231292
4887,2025,0.5816990153036262,0.07655642139053533,1.0,0.5650203951714594,0.5943268797838811
4888,2025,0.5279031198736454,0.06687324856227549,1.0,0.514651357789162,0.567260593356292
5353,2025,0.5438491270785212,0.09621856866223176,1.0,0.5399720037975941,0.6614893912078769
5356,2025,0.3874135564628697,0.08730271265397803,2.0,0.4142240250456034,0.03540519276160504
5504,2025,0.4056925908695622,0.09846445500584328,1.0,0.4328339051037876,0.5096683314124727
5670,2025,0.324419918056556,0.12163603736224907,1.0,0.3810407065246668,0.14527845036319612
5683,2025,0.30858740899899584,0.10552783838754723,5.0,0.364877920074901,0.029289724188430562
5713,2025,0.3609478375520797,0.1810632580048575,8.0,0.4256557833510665,0.3345454545454545
5791,2025,0.6341710290834557,0.07185382559054997,1.0,0.6024682128772236,0.6781448969596504
5844,2025,0.4740219338172832,0.08729120843790637,1.0,0.47858126097750886,0.3519061583577713
5928,2025,0.6441482909053045,0.06885873919779467,1.0,0.6084521400229683,0.5987525987525986
5942,2025,0.28743071154682737,0.09206505553422337,7.0,0.3547947033734984,0.07451102142191866
5985,2025,0.567487118873652,0.06479042005933429,1.0,0.5421781725487347,0.6350776535760214
6085,2025,0.3992290255675553,0.08613115728688024,1.0,0.4170531032300589,0.6679980029955069
6240,2025,0.40565566300928374,0.10536105551853438,1.0,0.43488437866912627,0.11251758087201125
6372,2025,0.41023755862919803,0.2465137754149537,1.0,0.46254796968119133,0.18644206394635707
6435,2025,0.45854106356397456,0.07494633141276799,1.0,0.4727843428414569,0.4306504306504306
6482,2025,0.3708603182316164,0.2141417571743303,5.0,0.4372304917283164,0.07560642654625643
6509,2025,0.32221245961705924,0.09023084755182992,1.0,0.37230677264289,0.15607580824972128
6540,2025,0.5556608057511504,0.07438535876248435,1.0,0.5249433121790364,0.5849901113771208
6568,2025,0.3862530579907409,0.11434354222848744,1.0,0.43020738658010904,0.627177700348432
6590,2025,0.39904511103224805,0.08121104956816548,1.0,0.4375854962164485,0.37617554858934166
6591,2025,0.36251093019110897,0.0789779483894053,1.0,0.3805927525145768,0.18144366042862775
6643,2025,0.28120482766592236,0.09748251654510069,2.0,0.3304908083682407,0.3380730426573839
6661,2025,0.3767712211243969,0.2550257676350175,1.0,0.4455047112619088,0.3934794828555368
6739,2025,0.35138128800423085,0.07228116369428515,1.0,0.35944517599383197,0.3602357906993668
6760,2025,0.4215579335214507,0.07020328880148752,1.0,0.4122104843113123,0.5152653679790357
6835,2025,0.5787541043903001,0.0631388073868658,1.0,0.5250740318463946,0.5603027949027322
6961,2025,0.38931491881379315,0.0742383808434815,1.0,0.3856869796908614,0.330616996507567
7027,2025,0.7303241532749422,0.06666797266596242,1.0,0.6470792588103053,0.6443699892305852
7029,2025,0.4266339674192367,0.08695682732557641,1.0,0.4340019308439804,0.2933985330073349
7032,2025,0.4320625390473034,0.08424506978091298,1.0,0.45568297299220506,0.4309140377968968
7056,2025,0.582156477224927,0.06902493678820316,1.0,0.5596835458367422,0.48032299981436793
7109,2025,0.3835536402310804,0.08286415494659168,1.0,0.40800117590159724,0.31763554708081393
7182,2025,0.3818581953939369,0.09900095094255534,1.0,0.4289812292610909,0.26170685540284755
7200,2025,0.5518613967191118,0.0703469078342498,1.0,0.5344949262758087,0.4969114619080302
7201,2025,0.4026273016945161,0.07163959547130179,1.0,0.4171071608075157,0.48478769642260106
7230,2025,0.4797216289622646,0.07104783260428413,1.0,0.461579692424655,0.41874698019004675
7464,2025,0.38590593590441824,0.09605330906468001,1.0,0.4078977227519672,0.3677080453414432
7513,2025,0.26471004387707825,0.0716594909942432,1.0,0.2865854273362566,0.15653645466083765
7527,2025,0.3829219166668863,0.37334644990474675,5.0,0.4472028455695092,0.4649028903502065
7579,2025,0.4895021549806519,0.09085054914173474,1.0,0.4872754717574299,0.5216131369234485
7630,2025,0.37359089065816603,0.09359640592408575,1.0,0.39042615420224613,0.485629335976214
7632,2025,0.3739183421431899,0.1220522936337729,1.0,0.4073588943668457,0.48257372654155495
7673,2025,0.31776982287450495,0.09512634759908177,2.0,0.3561103791755151,0.31578947368421056
7736,2025,0.3494756063606232,0.105258214335591,1.0,0.38440636879967816,0.20700152207001524
7831,2025,0.484673832743434,0.0667157961578966,1.0,0.4694079283557677,0.4758869768429998
7853,2025,0.44208578270409066,0.08373443912211477,1.0,0.46997694323791517,0.4010222134853549
7866,2025,0.3756359493589307,0.09017522141136515,1.0,0.4052691917862629,0.41942043721403155
7929,2025,0.33802031029642765,0.12265982511927029,1.0,0.3845483024947731,0.22764227642276422
7947,2025,0.35465135484112026,0.08348575974722754,1.0,0.38517335214123666,0.46541007630501785
796,2025,0.7312487488320665,0.06680162204522835,1.0,0.675030601265469,0.6655188958821371
7960,2025,0.3665254573269221,0.09877111223193415,1.0,0.4070194353223807,0.2441471571906355
7975,2025,0.5942271476006316,0.06946867892747875,1.0,0.554724124616836,0.7175133948744434
7982,2025,0.39510062451971156,0.0742128528294681,1.0,0.4107282360277625,0.46848767488341103
7990,2025,0.31302569933870295,0.08465127655293606,1.0,0.3643333543594379,0.312742310674593
7993,2025,0.32784782047931366,0.07593192840756925,3.0,0.3792008067914058,0.3569405099150142
8072,2025,0.4165445581454298,0.09324694538060711,1.0,0.42443741975676574,0.36710301650540694
8099,2025,0.41335449287152587,0.07857474661572149,1.0,0.40787867412974343,0.4658146262863002
8104,2025,0.40847308491418904,0.09176379843908906,1.0,0.4233365881932717,0.37256061502069787
8161,2025,0.35331219830899,0.1758645247662625,1.0,0.39869794948672993,0.3518424672410048
8173,2025,0.45263266490055987,0.07732614180128379,1.0,0.43607359055018935,0.4052755699187702
8232,2025,0.3953155294637798,0.09940814751336241,1.0,0.4142507030449849,0.23936170212765956
8384,2025,0.41526905579809537,0.07776757331310116,1.0,0.4092326190779382,0.0540297163439892
848,2025,0.42575416194079546,0.08256795981139259,1.0,0.45222407891807825,0.4237814343371625
8811,2025,0.4633163213264582,0.08391240661573905,1.0,0.4818398259174338,0.8188585607940446
8829,2025,0.486944588371904,0.08752418461358694,1.0,0.4947090903406314,0.4953102346362103
8855,2025,0.38788954801640874,0.07624798188013397,1.0,0.4125002909180353,0.376284993857891
8858,2025,0.4091952802578266,0.11187311202032765,7.0,0.4607330244157485,0.3821656050955414
8962,2025,0.5768994451873418,0.06258840330314701,1.0,0.5348884860490817,0.5272793848407177
8985,2025,0.42549754388369637,0.07428755283126594,1.0,0.4181954209784713,0.4714078669683948
8987,2025,0.6743720857525083,0.06660447172198486,1.0,0.6204800740218634,0.6118995510029106
9005,2025,0.40250264268799874,0.07185692196961692,1.0,0.4096715413848881,0.44277832791059557
9035,2025,0.5925164480969745,0.07126181779911105,1.0,0.5631119915240788,0.5680241573492206
9048,2025,0.39603152792372903,0.0702729258223503,1.0,0.40641539252753944,0.48783251650188386
925,2025,0.49737243085900645,0.07507651130705079,1.0,0.5031498373049035,0.44411155659338236
9299,2025,0.4048536600705047,0.250888263326778,5.0,0.4520739906734224,0.20417422867513613
9513,2025,0.3566257369114541,0.14277402379073628,1.0,0.3988306933202768,0.28148432993655065
9549,2025,0.5082327406722668,0.06753450591866812,1.0,0.4852311775770289,0.3580691808019831
956,2025,0.3525366103979075,0.09817178158330461,2.0,0.4106835495077604,0.0
9622,2025,0.46636542932604397,0.08963604443068897,1.0,0.4944664634733629,0.4720782959124928
9664,2025,0.39578678207858636,0.10346001933109635,1.0,0.4341086494857429,0.49100917431192664
9733,2025,0.4452425714549029,0.0982539981358874,3.0,0.4780708234393684,0.5118745676735069
9754,2025,0.45865170965302154,0.07353670839103661,1.0,0.46289867379901006,0.4585891492294199
9783,2025,0.3829272675576482,0.07998980091096101,1.0,0.402856086035556,0.5305798252581415
9846,2025,0.5514985918212844,0.06779861306177791,1.0,0.5222459170022689,0.6941116197590442
9849,2025,0.3153722443599288,0.11224093540138787,1.0,0.37003590151442856,0.5759758753560059
9862,2025,0.5884222659151744,0.06751559207725392,1.0,0.5568103485500379,0.49341612425296744
9863,2025,0.4573568546044783,0.07155569050283042,1.0,0.45053612025345796,0.6432210585904331
9992,2025,0.44175748895240097,0.08330813738790105,1.0,0.4592137195322389,0.3988248909463189
KLT,2025,0.2870682776294833,0.09653872749629787,5.0,0.36648562271643964,0.4643199561703876
LCZ,2025,0.4423488507446325,0.092358908193343,1.0,0.47813633465664596,0.5843006098760575
TGB,2025,0.30680107386371874,0.08693408889322023,1.0,0.37266005024322424,0.20277120648867858
