player_code,season,avail_hat,frac_actual
10106,2025,0.7436047542987407,0.02631578947368421
10316,2025,0.7455677399829463,0.8157894736842105
10390,2025,0.8212178312315255,0.9210526315789473
10391,2025,0.8542153147224603,0.9736842105263158
10392,2025,0.5215693001386505,0.18421052631578946
10393,2025,0.7302701868165816,1.0
10444,2025,0.7752687120061439,0.8947368421052632
10545,2025,0.8337814464745489,0.9473684210526315
10568,2025,0.8336240507855213,1.0
10750,2025,0.5330361577385407,0.6842105263157895
10781,2025,0.8125587016253373,0.42105263157894735
11051,2025,0.7549300441398614,0.8157894736842105
11052,2025,0.5261880216008502,0.3684210526315789
11064,2025,0.8084707313642593,0.5789473684210527
11078,2025,0.8654061630333129,1.0
11085,2025,0.8143374900563378,0.7368421052631579
11157,2025,0.7868355921272845,0.8421052631578947
11193,2025,0.8126106568995386,1.0
11194,2025,0.8081868482203727,1.0
11196,2025,0.8334317099038143,0.868421052631579
11199,2025,0.6042712139806296,0.6842105263157895
11201,2025,0.41110144137006444,0.868421052631579
11204,2025,0.8586435901519265,0.9473684210526315
11205,2025,0.8069753445955891,0.7894736842105263
11209,2025,0.652114913889631,0.6578947368421053
11212,2025,0.8277794738080454,0.9736842105263158
11214,2025,0.7470213754538371,0.21052631578947367
11218,2025,0.854586142532335,0.02631578947368421
11219,2025,0.8402762842865027,1.0
11221,2025,0.4410344068226093,0.10526315789473684
11226,2025,0.8388287318802431,1.0
11231,2025,0.8319589577595983,1.0
11244,2025,0.7271871047577348,0.9210526315789473
11247,2025,0.7212472022708977,0.868421052631579
11286,2025,0.8334402185935895,0.7631578947368421
1133,2025,0.8367657187749777,0.8421052631578947
11442,2025,0.41846064745830247,0.34210526315789475
11816,2025,0.5866571010895401,0.7105263157894737
11836,2025,0.7089857468415077,0.9736842105263158
11935,2025,0.4605226418966564,0.13157894736842105
11948,2025,0.8333196601818487,0.6052631578947368
11949,2025,0.5244343346020646,0.5526315789473685
11980,2025,0.6561496696635907,0.34210526315789475
11981,2025,0.8318710961524197,0.7631578947368421
11982,2025,0.7717334364239596,1.0
11983,2025,0.7778250855584298,0.9473684210526315
11987,2025,0.8811545887982702,0.9473684210526315
12044,2025,0.7974760743207796,0.6578947368421053
12080,2025,0.8147679165188448,0.9473684210526315
12096,2025,0.7469451680690404,0.2894736842105263
12167,2025,0.49696541138450645,0.07894736842105263
12201,2025,0.8704404358074701,0.8947368421052632
12365,2025,0.3336927894164837,0.10526315789473684
12515,2025,0.6273371105892975,0.8421052631578947
1255,2025,0.7939938042548483,0.8157894736842105
12585,2025,0.8113541123837134,0.8947368421052632
12597,2025,0.7831180807030503,0.23684210526315788
12608,2025,0.8668249079249126,0.9736842105263158
12609,2025,0.7860709464888845,1.0
12610,2025,0.8641497836856502,0.8421052631578947
12611,2025,0.5853842177770973,0.9473684210526315
12612,2025,0.48347966792303715,0.2894736842105263
12613,2025,0.8633363393875692,0.8157894736842105
12640,2025,0.8293153601834873,0.9736842105263158
12710,2025,0.7998701919676107,0.9473684210526315
12712,2025,0.8687805658276283,1.0
12720,2025,0.8594484835609674,0.9736842105263158
12731,2025,0.6929777547377943,0.8421052631578947
12738,2025,0.7216629815442275,1.0
12742,2025,0.6534705404320231,0.6842105263157895
12745,2025,0.8689974117081743,0.39473684210526316
12774,2025,0.88780040938353,0.8157894736842105
12788,2025,0.7943733986245117,1.0
12795,2025,0.7945253987882863,0.868421052631579
12878,2025,0.621351403589068,1.0
1288,2025,0.7272728614153698,0.868421052631579
13363,2025,0.8017064574723425,0.868421052631579
13367,2025,0.8578596186489007,0.7105263157894737
13369,2025,0.8699737413365668,0.39473684210526316
13370,2025,0.677850801864579,0.6052631578947368
13371,2025,0.7831391363763713,0.7631578947368421
13373,2025,0.7383547606739468,0.9473684210526315
13374,2025,0.7781114029000993,0.868421052631579
13378,2025,0.6557378979516244,0.8421052631578947
13380,2025,0.8439966764493989,0.8947368421052632
13381,2025,0.7381967468330121,1.0
13382,2025,0.8629881337143499,0.21052631578947367
13383,2025,0.747360655499769,0.9473684210526315
13384,2025,0.7696883773840271,1.0
13385,2025,0.6001968568698828,0.05263157894736842
13386,2025,0.7589926949714222,0.7368421052631579
13389,2025,0.6993386874870228,0.7105263157894737
13403,2025,0.7557426190561388,0.7368421052631579
13667,2025,0.5864591369853333,0.9736842105263158
13699,2025,0.6453833661097361,0.9736842105263158
1518,2025,0.754107615213597,1.0
1557,2025,0.7189558899786114,0.8421052631578947
1844,2025,0.7416059163778658,0.8947368421052632
1926,2025,0.8156661297118196,0.9736842105263158
1932,2025,0.6278868008112637,0.8157894736842105
2100,2025,0.795764624298914,0.6578947368421053
229,2025,0.6754324845335875,0.5526315789473685
2328,2025,0.49132282851770387,0.39473684210526316
2329,2025,0.830758206357691,1.0
2580,2025,0.853687512858375,0.9473684210526315
2661,2025,0.7142869427595265,0.7105263157894737
2676,2025,0.8229497043397783,0.8947368421052632
2849,2025,0.7868054921919078,0.7894736842105263
2939,2025,0.8356751633499173,0.9210526315789473
2968,2025,0.726657316579841,0.18421052631578946
2969,2025,0.41773667098984085,0.18421052631578946
3048,2025,0.7609855158061988,0.4473684210526316
3091,2025,0.3730631801512306,0.631578947368421
3108,2025,0.8579594915551102,1.0
3196,2025,0.7445100760221437,0.9736842105263158
3469,2025,0.8793434256470208,0.8947368421052632
3526,2025,0.793732033478169,0.868421052631579
3527,2025,0.6782528054730218,0.8157894736842105
3733,2025,0.8005601806959739,0.9473684210526315
3842,2025,0.7767056548627089,0.21052631578947367
3941,2025,0.7534869847570759,0.9210526315789473
3983,2025,0.7152442544413643,0.5789473684210527
4004,2025,0.8191229469964277,0.9210526315789473
4007,2025,0.6790033934837058,0.6578947368421053
4088,2025,0.7929975821979757,0.868421052631579
4132,2025,0.6787898802424719,0.8947368421052632
4161,2025,0.4009126784527607,0.02631578947368421
4197,2025,0.7457072363564416,0.8947368421052632
4292,2025,0.37939357018434594,0.21052631578947367
4508,2025,0.8505546238138973,0.9210526315789473
4512,2025,0.6440192060037276,0.23684210526315788
4655,2025,0.7399499033818302,0.23684210526315788
4761,2025,0.7721974239600862,0.5
4863,2025,0.7085439266892245,0.5
4866,2025,0.8604411622685625,1.0
4887,2025,0.8232988946398175,0.3684210526315789
4888,2025,0.814134174651888,0.8157894736842105
5353,2025,0.6998129843824218,0.5
5356,2025,0.7066262045766983,0.2631578947368421
5504,2025,0.7611644727621084,0.9736842105263158
5670,2025,0.5410050100827738,0.18421052631578946
5683,2025,0.5120317176236572,0.2631578947368421
5713,2025,0.31514538040936746,0.6842105263157895
5791,2025,0.8418213832685482,1.0
5844,2025,0.7550236081219589,0.13157894736842105
5928,2025,0.8496241716036556,1.0
5942,2025,0.6925252186338854,0.3684210526315789
5985,2025,0.8727999615622758,0.8947368421052632
6085,2025,0.7550449436641353,0.42105263157894735
6240,2025,0.5573052962345598,0.18421052631578946
6372,2025,0.4235509789723002,0.6052631578947368
6435,2025,0.6166170247614717,0.5263157894736842
6482,2025,0.33144841566059463,0.3684210526315789
6509,2025,0.727851507010016,0.2631578947368421
6540,2025,0.8179552401689525,0.47368421052631576
6568,2025,0.6462372797590017,0.42105263157894735
6590,2025,0.7887040707704185,0.5526315789473685
6591,2025,0.745406354499401,0.6052631578947368
6643,2025,0.6765651194885602,0.9210526315789473
6661,2025,0.3421818016768051,0.15789473684210525
6739,2025,0.8328281830733468,0.631578947368421
6760,2025,0.8426904577635155,1.0
6835,2025,0.8538556505811323,0.9210526315789473
6961,2025,0.8375780703199067,0.9473684210526315
7027,2025,0.8755149834825826,0.8421052631578947
7029,2025,0.7998699968063352,0.631578947368421
7032,2025,0.7544038986765571,0.9736842105263158
7056,2025,0.8138535631562971,0.9473684210526315
7109,2025,0.8031187516695264,0.9210526315789473
7182,2025,0.727014423429362,1.0
7200,2025,0.7911522429179669,0.3157894736842105
7201,2025,0.8427946025301638,0.6052631578947368
7230,2025,0.8109984783953813,0.34210526315789475
7464,2025,0.7203739332390059,1.0
7513,2025,0.8375230320845451,0.4473684210526316
7527,2025,0.27095218101685853,0.8947368421052632
7579,2025,0.6537735574626238,0.13157894736842105
7630,2025,0.6965612103001173,0.9210526315789473
7632,2025,0.5475639937547456,0.02631578947368421
7673,2025,0.6389549374386968,0.02631578947368421
7736,2025,0.5727716597410502,0.6578947368421053
7831,2025,0.8427397375236078,0.9210526315789473
7853,2025,0.7834299440384994,0.5789473684210527
7866,2025,0.7689551470380858,0.7368421052631579
7929,2025,0.5400143233147661,0.7368421052631579
7947,2025,0.7580619374743273,0.8157894736842105
796,2025,0.8465060009503936,0.8157894736842105
7960,2025,0.7065824634332091,0.5526315789473685
7975,2025,0.8608503996194097,1.0
7982,2025,0.8143329562044939,0.7105263157894737
7990,2025,0.7823077810729583,0.7105263157894737
7993,2025,0.7770074519884731,0.8947368421052632
8072,2025,0.7737115278921772,0.7368421052631579
8099,2025,0.8321896211556898,1.0
8104,2025,0.7048000578472146,0.13157894736842105
8161,2025,0.4752888378150039,0.47368421052631576
8173,2025,0.8018264514949741,0.9736842105263158
8232,2025,0.7208321807223295,0.7105263157894737
8384,2025,0.791990916850643,0.13157894736842105
848,2025,0.7454889593046732,0.8421052631578947
8811,2025,0.7622600868197059,0.05263157894736842
8829,2025,0.7874036936692028,1.0
8855,2025,0.7377981803857423,0.8421052631578947
8858,2025,0.37410817933870116,0.2631578947368421
8962,2025,0.8894239368432992,0.2631578947368421
8985,2025,0.79830559512785,0.7631578947368421
8987,2025,0.8696402811041297,0.7894736842105263
9005,2025,0.7888415538577559,0.9210526315789473
9035,2025,0.7589338629273636,0.3684210526315789
9048,2025,0.8523980955390615,1.0
925,2025,0.7529146954012794,0.9473684210526315
9299,2025,0.2982123058538716,0.4473684210526316
9513,2025,0.5089307219282692,0.6842105263157895
9549,2025,0.8681967719725128,0.7894736842105263
956,2025,0.6751061411802665,0.02631578947368421
9622,2025,0.756526554699451,0.3157894736842105
9664,2025,0.65507605686663,0.7368421052631579
9733,2025,0.6412526016196538,0.39473684210526316
9754,2025,0.8045806407707153,0.8947368421052632
9783,2025,0.8156071430878425,0.9210526315789473
9846,2025,0.861240689085355,0.8947368421052632
9849,2025,0.6204846685286826,1.0
9862,2025,0.8551198995460837,0.9736842105263158
9863,2025,0.7867752626739749,0.9736842105263158
9992,2025,0.7817387256619146,0.9473684210526315
KLT,2025,0.49318332653410235,0.6578947368421053
LCZ,2025,0.727127955274257,0.7105263157894737
TGB,2025,0.7714374178210346,0.8947368421052632
