season,player_code,club,games,minutes,sum_pir,min_per_game,pir_per_game,ppm
2024,10106,BAR,25,389.4166666666667,184,15.576666666666668,7.36,0.47250160496469074
2024,10316,ASV,27,389.55,73,14.427777777777779,2.7037037037037037,0.187395713002182
2024,10390,PRS,34,676.3833333333333,288,19.893627450980393,8.470588235294118,0.4257940516965232
2024,10391,MUN,32,841.7,412,26.303125,12.875,0.4894855649281216
2024,10392,OLY,14,101.7,54,7.264285714285714,3.857142857142857,0.5309734513274336
2024,10400,IST,2,13.583333333333334,3,6.791666666666667,1.5,0.22085889570552147
2024,10545,ASV,33,725.1833333333334,410,21.97525252525253,12.424242424242424,0.5653742731723012
2024,10560,ULK,20,235.76666666666665,98,11.788333333333332,4.9,0.41566520571186205
2024,10588,RED,16,240.95,107,15.059375,6.6875,0.4440755343432248
2024,10612,RED,34,710.9833333333333,230,20.91127450980392,6.764705882352941,0.32349562812067795
2024,10781,PAR,26,647.7166666666667,191,24.91217948717949,7.346153846153846,0.2948820214600005
2024,10784,BAS,6,26.483333333333334,0,4.413888888888889,0.0,0.0
2024,10788,BAS,2,5.25,-1,2.625,-0.5,-0.19047619047619047
2024,10791,BER,5,96.78333333333333,59,19.356666666666666,11.8,0.6096090924745996
2024,11050,PAR,16,128.96666666666667,66,8.060416666666667,4.125,0.5117601447402429
2024,11051,ZAL,29,435.1333333333333,226,15.004597701149425,7.793103448275862,0.5193810326336755
2024,11052,MUN,5,59.7,23,11.940000000000001,4.6,0.38525963149078724
2024,11064,MIL,27,594.6666666666666,211,22.02469135802469,7.814814814814815,0.3548206278026906
2024,11078,IST,34,908.0166666666667,422,26.70637254901961,12.411764705882353,0.46474917861272735
2024,11085,BAS,33,617.65,318,18.716666666666665,9.636363636363637,0.5148546911681373
2024,11193,TEL,26,628.7666666666667,303,24.183333333333334,11.653846153846153,0.48189577479722207
2024,11194,OLY,4,43.46666666666667,7,10.866666666666667,1.75,0.16104294478527606
2024,11194,RED,27,562.5666666666666,431,20.8358024691358,15.962962962962964,0.7661314214611602
2024,11196,BAS,34,731.05,488,21.501470588235293,14.352941176470589,0.6675330004787635
2024,11199,MIL,4,77.33333333333333,42,19.333333333333332,10.5,0.5431034482758621
2024,11202,TEL,20,302.0833333333333,86,15.104166666666666,4.3,0.2846896551724138
2024,11204,PAN,34,896.6666666666666,356,26.372549019607842,10.470588235294118,0.39702602230483275
2024,11205,ULK,27,629.4833333333333,206,23.3141975308642,7.62962962962963,0.3272525086711324
2024,11209,PAN,27,195.86666666666667,30,7.254320987654321,1.1111111111111112,0.1531654186521443
2024,11212,MCO,28,693.7,401,24.775000000000002,14.321428571428571,0.5780596799769352
2024,11214,TEL,20,439.3666666666667,247,21.968333333333334,12.35,0.5621728245201426
2024,11219,TEL,33,770.9,394,23.36060606060606,11.93939393939394,0.5110909326760928
2024,11221,PAN,4,27.683333333333334,14,6.920833333333333,3.5,0.5057194461167971
2024,11224,MUN,31,643.2833333333333,354,20.751075268817203,11.419354838709678,0.5503018369303314
2024,11225,ASV,26,572.4333333333334,183,22.01666666666667,7.038461538461538,0.3196878821405695
2024,11226,MCO,28,735.5833333333334,326,26.270833333333336,11.642857142857142,0.44318568029908234
2024,11231,MCO,33,757.5,298,22.954545454545453,9.030303030303031,0.3933993399339934
2024,11244,MUN,25,386.51666666666665,140,15.460666666666667,5.6,0.3622094778146695
2024,11247,MAD,27,372.7,117,13.803703703703704,4.333333333333333,0.3139254091762812
2024,1133,VIR,28,768.7666666666667,490,27.45595238095238,17.5,0.6373845553483936
2024,11330,ZAL,2,2.6166666666666667,0,1.3083333333333333,0.0,0.0
2024,11433,TEL,8,65.71666666666667,16,8.214583333333334,2.0,0.2434694395130611
2024,11442,PAN,5,12.783333333333333,8,2.5566666666666666,1.6,0.6258148631029987
2024,11626,BER,5,34.31666666666667,5,6.863333333333334,1.0,0.1457017969888295
2024,11631,BER,27,406.48333333333335,71,15.05493827160494,2.6296296296296298,0.17466890811431382
2024,11649,MAD,27,215.83333333333334,28,7.993827160493828,1.037037037037037,0.12972972972972974
2024,11666,BAR,15,77.65,32,5.176666666666667,2.1333333333333333,0.412105602060528
2024,11816,VIR,17,165.23333333333335,57,9.719607843137256,3.3529411764705883,0.344966713738148
2024,11836,PAR,23,353.23333333333335,91,15.357971014492755,3.9565217391304346,0.25762008115504387
2024,11925,ZAL,2,22.35,0,11.175,0.0,0.0
2024,11934,BER,28,583.9,319,20.853571428571428,11.392857142857142,0.5463264257578353
2024,11941,MIL,20,244.08333333333334,70,12.204166666666667,3.5,0.28678729941959713
2024,11948,BAS,32,714.85,197,22.3390625,6.15625,0.27558228999090717
2024,11949,PRS,6,72.7,21,12.116666666666667,3.5,0.2888583218707015
2024,11965,OLY,4,12.35,3,3.0875,0.75,0.24291497975708504
2024,11981,PAR,32,724.2833333333333,512,22.633854166666666,16.0,0.7069056768759924
2024,11983,ZAL,29,512.0,219,17.655172413793103,7.551724137931035,0.427734375
2024,11987,MUN,34,974.0833333333334,576,28.64950980392157,16.941176470588236,0.5913251775173239
2024,12044,RED,34,561.2666666666667,259,16.507843137254902,7.617647058823529,0.4614562299560518
2024,12058,BAS,12,115.23333333333333,42,9.602777777777778,3.5,0.3644778709864044
2024,12080,BAS,26,648.4666666666667,190,24.941025641025643,7.3076923076923075,0.29299886912717177
2024,12099,BER,2,5.9,-1,2.95,-0.5,-0.1694915254237288
2024,12100,BER,5,22.4,0,4.4799999999999995,0.0,0.0
2024,12113,MIL,1,2.4333333333333336,-3,2.4333333333333336,-3.0,-1.232876712328767
2024,12123,MUN,21,138.9,11,6.614285714285715,0.5238095238095238,0.07919366450683946
2024,12126,MUN,1,7.166666666666667,4,7.166666666666667,4.0,0.5581395348837209
2024,12167,PAR,4,35.766666666666666,5,8.941666666666666,1.25,0.13979496738117428
2024,12168,MAD,3,4.75,1,1.5833333333333333,0.3333333333333333,0.21052631578947367
2024,12181,ZAL,3,1.65,-2,0.5499999999999999,-0.6666666666666666,-1.2121212121212122
2024,12199,MAD,1,0.95,-2,0.95,-2.0,-2.1052631578947367
2024,12201,BAS,33,930.7166666666667,614,28.203535353535354,18.606060606060606,0.6597066776498397
2024,12263,ASV,5,34.233333333333334,7,6.846666666666667,1.4,0.2044790652385589
2024,12317,BAR,1,3.8166666666666664,-2,3.8166666666666664,-2.0,-0.5240174672489083
2024,12515,MCO,19,224.76666666666665,81,11.829824561403507,4.2631578947368425,0.36037372089574377
2024,1255,OLY,33,626.4166666666666,219,18.982323232323232,6.636363636363637,0.34960755620593326
2024,12585,VIR,34,634.3333333333334,259,18.65686274509804,7.617647058823529,0.4083026799789805
2024,12591,VIR,23,226.21666666666667,67,9.835507246376812,2.9130434782608696,0.2961762322257423
2024,12597,BAS,25,535.3,161,21.412,6.44,0.3007659256491687
2024,12604,BER,16,346.7166666666667,186,21.66979166666667,11.625,0.5364610873431717
2024,12604,TEL,16,290.0,164,18.125,10.25,0.5655172413793104
2024,12608,PRS,33,894.8833333333333,761,27.117676767676766,23.060606060606062,0.8503901812154284
2024,12609,PRS,29,552.5833333333334,220,19.054597701149426,7.586206896551724,0.3981299954757955
2024,12610,PRS,34,884.4833333333333,378,26.01421568627451,11.117647058823529,0.42736814336053064
2024,12611,PRS,13,153.61666666666667,32,11.816666666666666,2.4615384615384617,0.2083107301725073
2024,12612,PRS,6,43.916666666666664,15,7.319444444444444,2.5,0.3415559772296015
2024,12613,PRS,34,855.0666666666666,326,25.149019607843137,9.588235294117647,0.3812568220801497
2024,12622,ZAL,29,416.9666666666667,77,14.378160919540232,2.6551724137931036,0.1846670397313934
2024,12640,PRS,34,670.6166666666667,355,19.724019607843136,10.441176470588236,0.5293635211372617
2024,12710,IST,34,579.1166666666667,248,17.0328431372549,7.294117647058823,0.42823840907128674
2024,12712,PAN,34,926.7333333333333,523,27.25686274509804,15.382352941176471,0.564347888641105
2024,12715,ZAL,24,214.46666666666667,46,8.936111111111112,1.9166666666666667,0.21448554553932234
2024,12720,PAR,34,875.9166666666666,390,25.762254901960784,11.470588235294118,0.44524783560079917
2024,12721,BER,13,256.8,126,19.753846153846155,9.692307692307692,0.49065420560747663
2024,12731,ASV,14,272.65,99,19.474999999999998,7.071428571428571,0.3631028791490923
2024,12742,IST,13,227.53333333333333,127,17.5025641025641,9.76923076923077,0.558159976560211
2024,12745,BAR,34,927.95,436,27.29264705882353,12.823529411764707,0.46985290155719595
2024,12774,PAN,33,1032.2166666666667,671,31.27929292929293,20.333333333333332,0.6500573200071045
2024,12786,RED,19,286.05,97,15.055263157894737,5.105263157894737,0.3391015556720853
2024,12788,IST,33,555.0666666666667,370,16.82020202020202,11.212121212121213,0.66658659620466
2024,12795,BAR,32,607.35,265,18.9796875,8.28125,0.43632172552893717
2024,12878,OLY,15,195.83333333333334,92,13.055555555555555,6.133333333333334,0.4697872340425532
2024,1288,MUN,14,350.85,161,25.060714285714287,11.5,0.4588855636311814
2024,13250,TEL,15,168.58333333333334,33,11.238888888888889,2.2,0.19574888779041028
2024,13363,IST,33,591.3833333333333,248,17.92070707070707,7.515151515151516,0.41935574782290114
2024,13364,IST,17,133.38333333333333,21,7.846078431372549,1.2352941176470589,0.15744095964013496
2024,13365,MCO,22,307.0833333333333,99,13.958333333333332,4.5,0.32238805970149254
2024,13367,BAS,34,842.55,396,24.780882352941177,11.647058823529411,0.4700017803097739
2024,13368,MUN,15,99.53333333333333,34,6.635555555555555,2.2666666666666666,0.3415941058271936
2024,13369,PAR,34,916.7833333333333,588,26.96421568627451,17.294117647058822,0.6413729161743051
2024,13370,PAR,19,276.51666666666665,108,14.553508771929824,5.684210526315789,0.39057320233861736
2024,13371,ASV,34,555.95,148,16.351470588235294,4.352941176470588,0.26621099019696015
2024,13372,ASV,6,102.03333333333333,19,17.005555555555556,3.1666666666666665,0.18621365566808232
2024,13373,PRS,34,373.31666666666666,123,10.979901960784314,3.6176470588235294,0.32947899459797314
2024,13374,VIR,31,491.45,245,15.853225806451613,7.903225806451613,0.4985247736290569
2024,13377,ASV,6,22.566666666666666,5,3.761111111111111,0.8333333333333334,0.22156573116691286
2024,13378,MAD,21,269.0,93,12.80952380952381,4.428571428571429,0.34572490706319703
2024,13379,BAR,24,480.9166666666667,283,20.038194444444446,11.791666666666666,0.5884595390746837
2024,13380,OLY,32,817.2333333333333,395,25.538541666666667,12.34375,0.4833380919362075
2024,13381,TEL,33,375.9,108,11.39090909090909,3.272727272727273,0.28731045490822027
2024,13382,TEL,33,914.95,401,27.725757575757576,12.151515151515152,0.4382753155910159
2024,13383,PAN,17,305.8666666666667,150,17.992156862745098,8.823529411764707,0.490409764603313
2024,13383,TEL,9,135.95,67,15.105555555555554,7.444444444444445,0.4928282456785583
2024,13384,MIL,32,480.3833333333333,196,15.011979166666666,6.125,0.4080074940151962
2024,13385,MIL,18,159.8,62,8.877777777777778,3.4444444444444446,0.38798498122653313
2024,13386,BER,22,419.46666666666664,272,19.066666666666666,12.363636363636363,0.6484424666242848
2024,13386,MIL,6,37.95,-4,6.325,-0.6666666666666666,-0.10540184453227931
2024,13389,OLY,7,135.65,39,19.37857142857143,5.571428571428571,0.2875046074456321
2024,13389,TEL,8,154.88333333333333,98,19.360416666666666,12.25,0.6327343161519423
2024,13396,ULK,14,141.81666666666666,43,10.129761904761905,3.0714285714285716,0.3032083676107651
2024,13403,ZAL,19,423.55,214,22.292105263157897,11.263157894736842,0.5052532168575139
2024,13405,ASV,25,646.0166666666667,262,25.840666666666667,10.48,0.4055622919945306
2024,13505,BAR,2,7.1,8,3.55,4.0,1.1267605633802817
2024,13514,OLY,2,5.583333333333334,-1,2.791666666666667,-0.5,-0.1791044776119403
2024,13666,MAD,2,20.65,1,10.325,0.5,0.04842615012106538
2024,13667,MAD,9,129.06666666666666,54,14.34074074074074,6.0,0.41838842975206614
2024,13695,VIR,9,139.46666666666667,28,15.496296296296297,3.111111111111111,0.20076481835564053
2024,13696,ULK,8,56.083333333333336,25,7.010416666666667,3.125,0.44576523031203563
2024,13699,TEL,8,151.73333333333332,71,18.966666666666665,8.875,0.46792618629173993
2024,13774,BER,7,99.05,39,14.15,5.571428571428571,0.39374053508329127
2024,13775,ZAL,7,85.86666666666667,42,12.266666666666667,6.0,0.48913043478260865
2024,1392,MIL,22,462.4,218,21.018181818181816,9.909090909090908,0.47145328719723184
2024,1518,MIL,32,483.6,104,15.1125,3.25,0.21505376344086022
2024,1557,MUN,23,408.1666666666667,116,17.746376811594203,5.043478260869565,0.2841976316864026
2024,1844,VIR,31,481.05,91,15.51774193548387,2.935483870967742,0.1891695249974015
2024,1926,PAN,33,712.0833333333334,402,21.57828282828283,12.181818181818182,0.5645406670567583
2024,1932,MCO,11,203.18333333333334,55,18.471212121212123,5.0,0.270691493724879
2024,2084,VIR,33,536.0166666666667,198,16.242929292929293,6.0,0.36939149902055285
2024,2100,ASV,32,658.9833333333333,419,20.593229166666667,13.09375,0.6358279167404335
2024,229,ASV,22,330.6,39,15.02727272727273,1.7727272727272727,0.11796733212341197
2024,2328,PAN,4,45.83333333333333,11,11.458333333333332,2.75,0.24000000000000002
2024,2329,ZAL,34,760.4833333333333,278,22.367156862745098,8.176470588235293,0.3655569922636919
2024,2553,RED,24,300.73333333333335,180,12.530555555555557,7.5,0.5985369097761029
2024,2581,MCO,24,344.68333333333334,215,14.361805555555556,8.958333333333334,0.6237609399932305
2024,2676,ZAL,33,726.4333333333333,216,22.01313131313131,6.545454545454546,0.2973431835910614
2024,2849,ULK,34,586.5,228,17.25,6.705882352941177,0.3887468030690537
2024,2939,BAR,34,791.4333333333333,345,23.277450980392157,10.147058823529411,0.4359179547656152
2024,2968,ULK,29,418.76666666666665,179,14.440229885057471,6.172413793103448,0.4274456738040277
2024,2969,ULK,6,33.03333333333333,6,5.5055555555555555,1.0,0.18163471241170537
2024,3048,ZAL,34,533.7666666666667,184,15.699019607843137,5.411764705882353,0.34471991506900646
2024,3091,ULK,2,6.9,5,3.45,2.5,0.7246376811594203
2024,3108,MAD,32,859.9833333333333,456,26.874479166666667,14.25,0.5302428341634527
2024,3196,BAR,29,447.5,294,15.431034482758621,10.137931034482758,0.6569832402234637
2024,3210,ZAL,14,97.48333333333333,-2,6.963095238095238,-0.14285714285714285,-0.02051632757736365
2024,3469,OLY,32,972.95,783,30.4046875,24.46875,0.8047690014903129
2024,3478,BAR,32,562.6666666666666,148,17.583333333333332,4.625,0.26303317535545023
2024,3526,ASV,33,641.6,106,19.44242424242424,3.212121212121212,0.16521197007481297
2024,3583,MAD,24,287.2166666666667,153,11.967361111111112,6.375,0.5326988916613473
2024,3733,MAD,33,611.1833333333333,194,18.52070707070707,5.878787878787879,0.3174170325325189
2024,3842,PAN,17,451.71666666666664,349,26.57156862745098,20.529411764705884,0.7726081983544257
2024,3941,OLY,24,472.4666666666667,347,19.686111111111114,14.458333333333334,0.7344433469733314
2024,4004,ULK,31,686.0666666666667,370,22.131182795698926,11.935483870967742,0.5393061898746477
2024,4007,RED,26,297.0,63,11.423076923076923,2.423076923076923,0.21212121212121213
2024,4058,BAS,22,222.46666666666667,31,10.112121212121211,1.4090909090909092,0.13934671860952952
2024,4088,PAN,32,586.05,216,18.3140625,6.75,0.3685692347069363
2024,4132,MCO,8,191.85,136,23.98125,17.0,0.7088871514203805
2024,4194,ASV,19,384.6666666666667,252,20.24561403508772,13.263157894736842,0.655112651646447
2024,4197,PRS,31,455.6,88,14.696774193548388,2.838709677419355,0.19315188762071991
2024,4233,TEL,14,124.26666666666667,35,8.876190476190477,2.5,0.28165236051502146
2024,4508,MUN,34,821.7166666666667,249,24.16813725490196,7.323529411764706,0.30302415674502564
2024,4512,PRS,23,224.55,8,9.76304347826087,0.34782608695652173,0.03562680917390336
2024,4554,VIR,25,411.85,237,16.474,9.48,0.5754522277528226
2024,4761,PAR,21,481.1166666666667,110,22.91031746031746,5.238095238095238,0.2286347732705165
2024,4790,MCO,16,166.68333333333334,65,10.417708333333334,4.0625,0.38996100389961
2024,4866,RED,34,914.5166666666667,383,26.897549019607844,11.264705882352942,0.4188004592589893
2024,4887,IST,34,718.8166666666666,459,21.141666666666666,13.5,0.6385494678754435
2024,4888,VIR,24,658.3333333333334,369,27.430555555555557,15.375,0.5605063291139241
2024,5145,TEL,23,218.65,60,9.506521739130434,2.608695652173913,0.2744111593871484
2024,5161,PAN,25,274.5,61,10.98,2.44,0.2222222222222222
2024,5216,ULK,13,238.15,168,18.31923076923077,12.923076923076923,0.7054377493176569
2024,5353,PAN,24,326.71666666666664,218,13.613194444444444,9.083333333333334,0.6672448094679386
2024,5460,MUN,26,252.83333333333334,118,9.724358974358974,4.538461538461538,0.46671061305207645
2024,5504,ZAL,34,442.73333333333335,185,13.02156862745098,5.4411764705882355,0.41785875621141394
2024,5670,MIL,13,112.68333333333334,13,8.667948717948718,1.0,0.11536754917911551
2024,5738,VIR,21,274.35,57,13.064285714285715,2.7142857142857144,0.20776380535811917
2024,5763,MCO,3,35.95,16,11.983333333333334,5.333333333333333,0.4450625869262865
2024,5791,MAD,34,812.15,559,23.886764705882353,16.441176470588236,0.6882964969525334
2024,5793,PRS,31,424.06666666666666,107,13.679569892473118,3.4516129032258065,0.25231881779594406
2024,5844,MCO,28,459.7833333333333,234,16.42083333333333,8.357142857142858,0.508935368108167
2024,5928,MAD,33,855.6166666666667,593,25.927777777777777,17.96969696969697,0.6930673783041471
2024,5985,MCO,34,991.2333333333333,580,29.153921568627453,17.058823529411764,0.5851296364798063
2024,6085,MIL,27,454.93333333333334,176,16.849382716049384,6.518518518518518,0.38686987104337633
2024,6240,RED,10,114.3,44,11.43,4.4,0.38495188101487315
2024,6251,BER,32,627.7333333333333,143,19.616666666666667,4.46875,0.227803738317757
2024,6273,VIR,2,2.25,2,1.125,1.0,0.8888888888888888
2024,6372,IST,9,20.016666666666666,16,2.224074074074074,1.7777777777777777,0.7993338884263115
2024,6435,BAR,4,88.1,53,22.025,13.25,0.601589103291714
2024,6436,RED,33,514.45,162,15.589393939393942,4.909090909090909,0.31489940713383224
2024,6509,MIL,27,415.9666666666667,121,15.406172839506175,4.481481481481482,0.29088869300424713
2024,6540,MAD,29,648.0333333333333,375,22.345977011494252,12.931034482758621,0.5786739365258989
2024,6544,PAN,1,4.116666666666666,3,4.116666666666666,3.0,0.7287449392712552
2024,6568,BAR,24,234.33333333333334,93,9.76388888888889,3.875,0.3968705547652916
2024,6590,IST,33,622.7166666666667,268,18.870202020202022,8.121212121212121,0.43037229344538713
2024,6591,PAR,21,418.1333333333333,129,19.91111111111111,6.142857142857143,0.3085140306122449
2024,6640,IST,8,53.88333333333333,7,6.735416666666667,0.875,0.12991030003093101
2024,6661,ULK,1,2.0833333333333335,0,2.0833333333333335,0.0,0.0
2024,6701,MIL,4,31.416666666666668,17,7.854166666666667,4.25,0.5411140583554377
2024,6721,MIL,22,171.21666666666667,60,7.782575757575757,2.727272727272727,0.35043317434050425
2024,6739,VIR,30,708.4666666666667,215,23.615555555555556,7.166666666666667,0.3034722875693987
2024,6760,PAR,30,749.4,293,24.98,9.766666666666667,0.39097945022684816
2024,6835,TEL,24,735.3666666666667,421,30.64027777777778,17.541666666666668,0.5725035129867186
2024,6919,BER,23,438.46666666666664,118,19.06376811594203,5.130434782608695,0.2691196594191881
2024,6961,ULK,32,717.8,249,22.43125,7.78125,0.34689328503761496
2024,7025,BER,29,386.5333333333333,13,13.328735632183907,0.4482758620689655,0.033632286995515695
2024,7027,ASV,33,910.5833333333334,679,27.593434343434346,20.575757575757574,0.7456758488148623
2024,7029,ZAL,34,562.45,238,16.54264705882353,7.0,0.4231487243310516
2024,7032,PRS,28,492.3333333333333,228,17.583333333333332,8.142857142857142,0.46310088016249157
2024,7056,MUN,26,671.0,426,25.807692307692307,16.384615384615383,0.6348733233979136
2024,7109,IST,34,617.1666666666666,234,18.151960784313726,6.882352941176471,0.37915203888738863
2024,7182,ULK,31,399.4666666666667,163,12.886021505376345,5.258064516129032,0.4080440587449933
2024,7200,IST,23,572.2833333333333,345,24.881884057971014,15.0,0.602848239508402
2024,7201,MUN,34,816.8333333333334,327,24.02450980392157,9.617647058823529,0.40032646398694144
2024,7230,BAS,25,610.2833333333333,288,24.41133333333333,11.52,0.4719119534642379
2024,7464,BAR,26,355.1166666666667,127,13.658333333333333,4.884615384615385,0.3576289482329751
2024,7483,PRS,3,25.883333333333333,6,8.627777777777778,2.0,0.23180940115904702
2024,7513,ZAL,30,720.35,134,24.011666666666667,4.466666666666667,0.18602068438953287
2024,7519,TEL,28,685.0,436,24.464285714285715,15.571428571428571,0.6364963503649635
2024,7550,BER,14,190.83333333333331,65,13.63095238095238,4.642857142857143,0.3406113537117904
2024,7579,BAS,15,228.06666666666666,129,15.204444444444444,8.6,0.5656240865244081
2024,7630,MAD,21,301.5,92,14.357142857142858,4.380952380952381,0.30514096185737977
2024,7632,PAR,12,103.33333333333333,24,8.61111111111111,2.0,0.23225806451612904
2024,7639,MUN,24,225.36666666666667,116,9.390277777777778,4.833333333333333,0.5147167578760539
2024,7736,PAR,11,125.96666666666667,20,11.451515151515151,1.8181818181818181,0.15877216194760518
2024,7831,MIL,28,771.55,372,27.55535714285714,13.285714285714286,0.4821463288186119
2024,7853,OLY,33,587.0833333333334,286,17.79040404040404,8.666666666666666,0.4871540099361249
2024,7855,TEL,4,7.85,0,1.9625,0.0,0.0
2024,7866,PAN,32,493.58333333333337,181,15.424479166666668,5.65625,0.36670606111767684
2024,7870,PAR,33,617.6833333333333,355,18.717676767676767,10.757575757575758,0.5747281508863765
2024,7929,MUN,12,102.35,11,8.529166666666667,0.9166666666666666,0.10747435271128482
2024,7947,OLY,27,483.1,158,17.892592592592592,5.851851851851852,0.3270544400745187
2024,796,MIL,30,824.6166666666667,659,27.487222222222222,21.966666666666665,0.7991592052873052
2024,7960,RED,27,349.48333333333335,124,12.943827160493827,4.592592592592593,0.3548094806619295
2024,7975,ZAL,34,866.7,528,25.491176470588236,15.529411764705882,0.6092073381793007
2024,7982,OLY,30,673.3833333333333,260,22.44611111111111,8.666666666666666,0.38610994233101503
2024,7990,TEL,33,574.9,172,17.421212121212122,5.212121212121212,0.29918246651591585
2024,8062,BER,22,419.15,154,19.052272727272726,7.0,0.36741023499940356
2024,8072,BAS,32,462.75,186,14.4609375,5.8125,0.4019448946515397
2024,8099,MCO,34,683.6833333333333,261,20.10833333333333,7.676470588235294,0.38175568611199145
2024,8104,ULK,22,328.1166666666667,128,14.914393939393939,5.818181818181818,0.39010514552750547
2024,8161,MCO,10,42.61666666666667,-5,4.261666666666667,-0.5,-0.11732499022291748
2024,8173,BER,27,559.9333333333334,239,20.738271604938273,8.851851851851851,0.426836528158114
2024,8174,ULK,3,9.716666666666667,0,3.238888888888889,0.0,0.0
2024,8211,BER,23,418.56666666666666,136,18.19855072463768,5.913043478260869,0.3249183722226647
2024,8232,PAR,27,345.18333333333334,128,12.784567901234569,4.7407407407407405,0.3708174400077254
2024,8384,BER,26,533.3166666666666,201,20.512179487179484,7.730769230769231,0.3768867777118035
2024,848,RED,26,475.2166666666667,217,18.277564102564103,8.346153846153847,0.456633816154035
2024,8780,BER,24,522.7333333333333,258,21.780555555555555,10.75,0.4935594949623772
2024,8811,OLY,29,513.8166666666666,264,17.71781609195402,9.10344827586207,0.5138019397320706
2024,8829,OLY,34,555.45,296,16.336764705882356,8.705882352941176,0.5329012512377351
2024,8850,BAS,14,133.88333333333333,22,9.563095238095238,1.5714285714285714,0.1643221710444417
2024,8855,OLY,20,426.1333333333333,160,21.306666666666665,8.0,0.37546933667083854
2024,8962,ULK,34,1059.4833333333333,606,31.16127450980392,17.823529411764707,0.5719769069829634
2024,8967,BER,21,505.9166666666667,203,24.091269841269842,9.666666666666666,0.4012518530719815
2024,8985,MIL,25,560.0666666666666,221,22.402666666666665,8.84,0.3945958814426854
2024,8987,MIL,34,939.9,661,27.644117647058824,19.441176470588236,0.703266304926056
2024,8991,ASV,28,289.26666666666665,90,10.33095238095238,3.2142857142857144,0.3111315971421987
2024,9005,MAD,23,549.35,208,23.88478260869565,9.043478260869565,0.3786292891599162
2024,9035,RED,18,436.8666666666667,298,24.270370370370372,16.555555555555557,0.6821303219899283
2024,9048,RED,34,847.7,326,24.93235294117647,9.588235294117647,0.38457001297628873
2024,9213,MAD,24,349.28333333333336,106,14.553472222222224,4.416666666666667,0.3034785513193682
2024,925,BAR,22,482.93333333333334,268,21.951515151515153,12.181818181818182,0.5549420209828824
2024,9513,IST,11,70.03333333333333,6,6.366666666666666,0.5454545454545454,0.08567348881485007
2024,9549,VIR,34,915.1333333333333,461,26.915686274509802,13.558823529411764,0.5037517301668245
2024,9622,PAN,32,499.31666666666666,268,15.603645833333333,8.375,0.5367335358323041
2024,9664,IST,22,260.43333333333334,107,11.837878787878788,4.863636363636363,0.41085370536285676
2024,9754,MCO,26,584.5333333333333,274,22.48205128205128,10.538461538461538,0.46875
2024,9754,TEL,2,55.13333333333333,29,27.566666666666666,14.5,0.5259975816203144
2024,9783,ULK,34,660.5833333333334,246,19.42892156862745,7.235294117647059,0.37239813296329
2024,9818,ASV,9,117.58333333333334,34,13.064814814814817,3.7777777777777777,0.2891566265060241
2024,9846,IST,33,881.5666666666667,494,26.714141414141416,14.969696969696969,0.5603660150489658
2024,9849,OLY,20,202.38333333333333,39,10.119166666666667,1.95,0.19270361525158528
2024,9862,BAR,32,861.7666666666667,529,26.930208333333333,16.53125,0.6138552585773411
2024,9863,ULK,22,529.7333333333333,240,24.078787878787878,10.909090909090908,0.4530581424616159
2024,9992,BAR,31,556.95,261,17.966129032258067,8.419354838709678,0.46862375437651493
