player_code,player_name,position
10063,"NIKOLAIDIS, ALEXANDROS",G
10093,"SYKES, KEIFER",G
10106,"NUNEZ, JUAN",G
10316,"AJINCA, MELVIN",F
10357,"YABUSELE, GUERSCHON",F
10385,"LAMMERS, BEN",C
10390,"HAYES, KEVARRIUS",C
10391,"WEILER-BABB, NICK",G
10392,"LARENTZAKIS, GIANNOULIS",G
10393,"PRADILLA, JAIME",F
10400,"ONCEL, RIDVAN",G
10444,"COSTELLO, MATTHEW",C
10516,"GAZI, ERTEN",G
10545,"SAKO, NEAL",C
10560,"PIERRE, DYSHAWN",F
10568,"JONES, CHRIS",G
10588,"BROWN III, JOHN",F
10612,"CANAAN, ISAIAH",G
10623,"ALOCEN, CARLOS",G
10641,"NNAJI, JAMES",C
10750,"DE LARREA, SERGIO",G
10754,"MARI, LUCAS",G
10781,"LUNDBERG, IFFE",G
10791,"KOUMADJE, KHALIFA",C
10985,"TOPIC, NIKOLA",G
11050,"KOPRIVICA, BALSA",C
11051,"SMAILAGIC, ALEN",F
11052,"MADAR, YAM",G
11064,"MANNION, NICCOLO",G
11078,"THOMPSON, DARIUS",G
11085,"ROGKAVOPOULOS, NIKOLAOS",F
11157,"MOTLEY, JOHNATHAN",C
11192,"SMITH, JALEEN",G
11193,"BLATT, TAMIR",G
11194,"PETRUSEV, FILIP",F
11196,"HALL, DONTA",C
11199,"NEBO, JOSH",C
11201,"HAZER, SEHMUS",G
11204,"GRANT, JERIAN",G
11205,"HALL, DEVON",G
11209,"KALAITZAKIS, PANAGIOTIS",F
11212,"OKOBO, ELIE",G
11214,"RIVERO, JASIEL",F
11218,"EVANS, KEENAN",G
11219,"SORKIN, ROMAN",C
11221,"ANTETOKOUNMPO, KOSTAS",C
11224,"NAPIER, SHABAZZ",G
11225,"LEE, PARIS",G
11226,"DIALLO, ALPHA",F
11231,"BLOSSOMGAME, JARON",F
11244,"DA SILVA, OSCAR",F
11247,"FELIZ, ANDRES",G
11286,"BACON, DWAYNE",F
1133,"SHENGELIA, TORNIKE",F
11433,"MAYER, OMER",G
11442,"SAMODUROV, ALEXANDROS",F
11631,"RAPIEQUE, ELIAS",G
11649,"GONZALEZ, HUGO",F
11666,"SARR, DAME",G
11816,"AKELE, NICOLA",F
11836,"MIKE, ISIAHA",F
11934,"WETZELL, YANNI",C
11935,"MAKOUNDOU, YOAN",F
11941,"GILLESPIE, FREDDIE",C
11948,"HOWARD, MARKUS",G
11949,"HOMMES, DAULTON",F
11964,"ILIC, DALIBOR",F
11965,"MITROU-LONG, NAZ",G
11970,"HARPER, JARED",G
11971,"WEBB III, JAMES",F
11980,"SESTINA, NATHAN",F
11981,"JONES, TYRIQUE",C
11982,"OJELEYE, SEMI",F
11983,"BRAZDEIKIS, IGNAS",F
11987,"EDWARDS, CARSEN",G
12023,"PAPAS, GEORGE",G
12044,"DOS SANTOS, YAGO",G
12080,"LUWAWU-CABARROT, TIMOTHE",F
12096,"CABOCLO, BRUNO",C
12123,"KHARCHENKOV, IVAN",F
12167,"BOSNJAKOVIC, MITAR",F
12201,"MONEKE, CHIMA",F
12365,"HRABAR, VIT",F
12515,"TARPEY, TERRY",F
1255,"PAPANIKOLAOU, KOSTAS",F
12585,"MORGAN, MATTHEW",G
12597,"BALDWIN, KAMAR",G
12608,"SHORTS, TJ",G
12609,"MALCOLM, COLLIN",F
1261,"LACOMBE, PAUL",G
12610,"WARD, TYSON",F
12611,"HERRERA, SEBASTIAN",G
12612,"SHAHRVIN, ENZO",C
12613,"JANTUNEN, MIKAEL",F
12640,"HIFI, NADIR",G
12710,"OSMANI, ERCAN",F
12712,"HERNANGOMEZ, JUANCHO",F
12715,"MANEK, BRADY",F
12720,"BROWN, STERLING",G
12721,"BEAN, JUSTIN",F
12731,"NDIAYE, MBAYE",C
12738,"REUVERS, NATHAN",F
12742,"DOZIER, PJ",G
12745,"PARKER, JABARI",F
12774,"NUNN, KENDRICK",G
12786,"DAUM, MIKE",F
12788,"OTURU, DAN",C
12795,"ANDERSON, JUSTIN",F
12878,"WRIGHT, MOSES",C
1288,"LUCIC, VLADIMIR",F
1324,"MUHAMMED, ALI",G
13363,"NWORA, JORDAN",F
13367,"FORREST, TRENT",G
13369,"JONES, CARLIK",G
13370,"WASHINGTON, DUANE",G
13371,"HARRISON, SHAQUILLE",G
13373,"CAVALIERE, LEOPOLD",F
13374,"DIOUF, MOUHAMET",C
13378,"RATHAN-MAYES, XAVIER",G
13380,"FOURNIER, EVAN",G
13381,"RAYMAN, WILLIAM",F
13382,"RANDOLPH, LEVI",G
13383,"GABRIEL, WENYEN",C
13384,"BROOKS, ARMONI",G
13385,"DIOP, OUSMANE",F
13386,"MCCORMACK, DAVID",C
13389,"LEE, SABEN",G
13403,"WALKER IV, LONNIE",G
13667,"FERNANDO, BRUNO",C
13699,"CLARK III, JIMMY",G
1389,"VORONOV, EVGENY",G
1392,"CAUSEUR, FABIEN",G
1518,"RICCI, GIAMPAOLO",F
1557,"GIFFEY, NIELS",F
1792,"ZAITCEV, VIACHESLAV",G
1833,"MOERMAN, ADRIEN",F
1844,"HACKETT, DANIEL",G
1887,"LANGFORD, KEITH",G
1926,"SLOUKAS, KOSTAS",G
1932,"CALATHES, NICK",G
1933,"BOGRIS, GEORGIOS",C
1948,"SERAPHIN, KEVIN",C
1954,"VALIEV, EVGENY",F
1960,"CARROLL, JAYCEE",G
2008,"KUZMINSKAS, MINDAUGAS",F
2084,"POLONARA, ACHILLE",F
2100,"DE COLO, NANDO",G
2276,"KULAGIN, MIKHAIL",G
229,"JACKSON, EDWIN",G
2328,"GRIGONIS, MARIUS",G
2329,"ULANOVAS, EDGARAS",F
2361,"VIVES, GUILLEM",G
2429,"RIVERS, KC",F
2507,"TOMIC, ANTE",C
2536,"JEAN-CHARLES, LIVIO",F
2543,"WESTERMANN, LEO",G
2553,"MITROVIC, LUKA",F
2561,"RADICEVIC, NIKOLA",G
2580,"MICIC, VASILIJE",G
2581,"JAITEH, MAM",C
2582,"TOUPANE, AXEL",F
2661,"PREPELIC, KLEMEN",G
2676,"BUTKEVICIUS, ARNAS",F
2742,"DUBLJEVIC, BOJAN",C
2744,"TILLIE, KIM",F
2763,"DOORNEKAMP, AARON",F
2812,"HINES, KYLE",C
2849,"MELLI, NICOLO",F
2925,"TUNCER, BUGRAHAN",G
2936,"SASTRE, JOAN",G
2939,"SATORANSKY, TOMAS",G
2968,"SANLI, SERTAC",C
2969,"MAHMUTOGLU, MELIH",G
2972,"ROCHESTIE, TAYLOR",G
2980,"GIST, JAMES",F
3024,"GRANGER, JAYSON",G
3048,"DUNSTON, BRYANT",C
3067,"JERRELLS, CURTIS",G
3091,"BIRSEN, METECAN",F
3108,"HEZONJA, MARIO",F
3120,"GUDAITIS, ARTURAS",C
3151,"ERIKSSON, MARCUS",G
3196,"HERNANGOMEZ, WILLY",C
3198,"DIEZ, DANIEL",F
3204,"PAULI,  ORIOL",F
3210,"LEKAVICIUS, LUKAS",G
3211,"DIMSA, TOMAS",G
3240,"BOCHORIDIS, ELEFTHERIOS",G
3264,"JOVANOVIC, NIKOLA",C
3332,"IVANOVIC, NIKOLA",G
3367,"RICE, TYRESE",G
3370,"PUSHKOV, ANTON",C
3413,"JACKSON, AARON",G
3452,"BLAZIC, JAKA",G
3453,"THOMPSON, DEON",F
3469,"VEZENKOV, SASHA",F
3478,"ABRINES, ALEX",F
3479,"KUZMIC, OGNJEN",C
3490,"BARTHEL, DANILO",F
3514,"DRAGIC, ZORAN",G
3521,"BALBAY, DOGUS",G
3526,"LIGHTY, DAVID",G
3527,"ABASS, AWUDU",F
3537,"MANTZARIS, VANGELIS",G
3540,"DIOP, ILIMANE",C
3573,"ZUBKOV, ANDREY",F
3583,"IBAKA, SERGE",C
3608,"LOJESKI, MATT",F
3733,"ABALDE, ALBERTO",F
3842,"LESSORT, MATHIAS",C
3941,"MILUTINOV, NIKOLA",C
3958,"THIEMANN, JOHANNES",F
3983,"AVRAMOVIC, ALEKSA",G
399,"KAVALIAUSKAS, ANTANAS",C
4004,"GUDURIC, MARKO",G
4007,"DOBRIC, OGNJEN",F
4058,"JARAMAZ, OGNJEN",G
4088,"OSMAN, CEDI",F
4094,"DEMIR, BERK",F
4117,"BROOKS, JEFF",F
4119,"TYUS, ALEX",C
4132,"THEIS, DANIEL",C
4161,"SEGEV, ITAY",C
4165,"JANNING, MATT",G
4172,"PONITKA, MATEUSZ",F
4178,"KOPONEN, PETTERI",G
4194,"LAUVERGNE, JOFFREY",C
4197,"OUATTARA, YAKUBA",G
4218,"CHARALAMPOPOULOS, VASILIS",F
4222,"OMIC, ALEN",C
4233,"MENCO, RAFI",F
4251,"THOMAS, MALCOLM",F
4264,"BOST, DEE",G
4292,"TOLIOPOULOS, VASSILIS",G
4302,"KARASEV, SERGEY",F
4331,"DELANEY, MALCOLM",G
436,"BERTANS, DAIRIS",G
4397,"JAGODIC-KURIDZA, MARKO",F
4425,"BROWN, DERRICK",F
4429,"AGRAVANIS, DIMITRIS",F
4499,"FONTECCHIO, SIMONE",F
4508,"OBST, ANDREAS",G
4512,"KRATZER, LEON",C
4554,"ZIZIC, ANTE",C
4571,"SISKO, ZAN MARK",G
46,"STRELNIEKS, JANIS",G
4603,"KOTSAR, MAIK",C
464,"PAPPAS, NIKOS",G
4655,"BAKO, ISMAEL",C
4720,"LAZAREVIC, STEFAN",F
4761,"MARINKOVIC, VANJA",G
4790,"CORNELIE, PETR",F
4834,"PUSTOVYI, ARTEM",C
4862,"SEELEY, DENNIS",G
4863,"JOVIC, STEFAN",G
4866,"KALINIC, NIKOLA",F
4884,"LABEYRIE, LOUIS",F
4887,"POIRIER, VINCENT",C
4888,"CLYBURN, WILL",F
494,"GULER, SINAN",G
4941,"ANTONOV, SEMEN",F
4945,"PAUL, BRANDON",G
4974,"ROLL, MICHAEL",G
4997,"DIEBLER, JON",G
5014,"JENKINS, CHARLES",G
5056,"ZIPSER, PAUL",F
5094,"THOMAS, DESHAUN",F
5099,"HANGA, ADAM",F
5145,"COHEN, JAKE",F
5154,"IVERSON, COLTON",C
5159,"GREEN, ERICK",G
5160,"HUNTER, OTHELLO",C
5161,"PAPAPETROU, IOANNIS",F
518,"SAN EMETERIO, FERNANDO",F
5216,"MCCOLLUM, ERRICK",G
5255,"KONIARIS, ANTONIOS",G
529,"MICOV, VLADIMIR",F
5348,"ARNA, EGEHAN",F
5353,"YURTSEVEN, OMER",C
5356,"LOPEZ-AROSTEGUI, XABI",F
5368,"YUSTA, SANTI",F
5458,"GARCIA, SERGI",G
5460,"HARRIS, ELIAS",F
5478,"WIMBERG, NIKLAS",F
5504,"BIRUTIS, LAURYNAS",C
5553,"LOMAZS, RIHARDS",G
556,"CLAVER, VICTOR",F
5618,"SIMANIC, BORISA",F
5670,"FLACCADORI, DIEGO",G
5683,"RADANOV, ALEKSA",F
5686,"GECIM, TOLGA",G
5692,"BURNS, CHRISTIAN",F
5713,"KURUCS, RODIONS",F
5718,"TIMMA, JANIS",F
5757,"RANDOLPH, ANTHONY",F
5763,"KORKMAZ, FURKAN",G
5771,"CALOIARO, ANGELO",F
5775,"BARON, BILLY",G
5781,"KANE, DEANDRE",G
5789,"KURIC, KYLE",G
5791,"TAVARES, WALTER",C
5836,"THOMPKINS, TREY",F
5844,"PAPAGIANNIS, GEORGIOS",C
5856,"THOMAS, WILL",F
5884,"DELLA VALLE, AMEDEO",G
5917,"ORIOLA, PIERRE",F
5927,"AYON, GUSTAVO",C
5928,"CAMPAZZO, FACUNDO",G
5938,"ANDERSON, JAMES",F
5942,"DANGUBIC, NEMANJA",F
5945,"RENFROE, ALEX",G
5985,"JAMES, MIKE",G
6068,"NOUA, AMINE",F
6085,"DIMITRIJEVIC, NENO",G
6135,"LOPATIN, ANDREI",F
6158,"LUKOSIUNAS, KAROLIS",G
6240,"PLAVSIC, UROS",C
6251,"SCHNEIDER, TIM",F
6302,"LOUNTZIS, MICHALIS",G
6372,"YILMAZ, ERKAN",F
6399,"DUVERIOGLU, AHMET",C
6433,"PANGOS, KEVIN",G
6435,"LAPROVITTOLA, NICOLAS",G
6436,"GIEDRAITIS, ROKAS",F
6450,"HIGGINS, CORY",G
6477,"RUBIT, AUGUSTINE",F
6482,"KRAMER, DAVID",G
6505,"WHITE, AARON",F
6509,"TONUT, STEFANO",G
6533,"COLOM, QUINO",G
6540,"MUSA, DZANAN",F
6543,"RADONCIC, DINO",F
6544,"MORAITIS, DIMITRIS",G
6546,"TAYLOR, JEFFERY",F
6555,"WOLTERS, NATE",G
6568,"FALL, YOUSSOUPHA",C
6586,"KALAITZAKIS, GEORGIOS",F
6589,"SIKMA, LUKE",F
6590,"BEAUBOIS, RODRIGUE",G
6591,"NTILIKINA, FRANK",G
6599,"MOTUM, BROCK",F
6614,"SINGLETON, CHRIS",F
6625,"ZOOSMAN, YOVEL",F
6640,"OZDEMIROGLU, DOGUS",G
6643,"PUERTO, JOSEP",F
6661,"WILBEKIN, SCOTTIE",G
6693,"SAYBIR, YIGITCAN",F
6701,"BORTOLANI, GIORDANO",G
6710,"KHOMENKO, ALEXANDER",G
6721,"CARUSO, GUGLIELMO",C
6739,"PAJOLA, ALESSANDRO",G
6754,"HENRY, PIERRIA",G
6760,"BONGA, ISAAC",F
6768,"MARTINEZ, SERGI",F
6819,"NIKIC, KRESIMIR",C
6835,"HOARD, JAYLEN",F
6919,"OLINDE, LOUIS",F
6961,"BIBEROVIC, TARIK",F
7,"DEDOVIC, NIHAD",F
7025,"MATTISSECK, JONAS",G
7027,"MALEDON, THEO",G
7029,"SIRVYDIS, DEIVIDAS",F
7032,"LO, MAODO",G
7050,"CLARKE, COTY",F
7056,"BOOKER, DEVIN",C
7109,"SMITS, ROLANDS",F
7125,"SIVA, PEYTON",G
7182,"BIRCH, KHEM",C
7200,"LARKIN, SHANE",G
7201,"VOIGTMANN, JOHANNES",C
7230,"SEDEKERSKIS, TADAS",F
726,"MORASCHINI, RICCARDO",G
7265,"KURUCS, ARTURS",G
7360,"ERIC, MICHAEL",C
7400,"NUNNALLY, JAMES",F
7432,"EVANS, JEREMY",F
7464,"PARRA, JOEL",F
7513,"GIEDRAITIS, DOVYDAS",G
7519,"JOKUBAITIS, ROKAS",G
7524,"VENSKUS, ERIKAS",F
7527,"BADIO, BRANCOU",G
7550,"SAMAR, ZIGA",G
7553,"BALCEROWSKI, ALEKSANDER",C
7566,"BRENNEKE, LORENZ",F
7579,"SAMANIC, LUKA",F
7630,"GARUBA, USMAN",F
7632,"NAKIC, MARIO",F
7639,"BRANKOVIC, DANKO",C
7673,"TRIFUNOVIC, UROS",G
7675,"AVDIJA, DENI",F
7736,"LAKIC, ARIJAN",G
7768,"LEVI, NIMROD",F
7831,"SHIELDS, SHAVON",F
7851,"TRUSHKIN, VLADISLAV",F
7853,"MCKISSIC, SHAQUIELLE",G
7865,"ANTETOKOUNMPO, THANASIS",F
7866,"MITOGLOU, KONSTANTINOS",F
7869,"SANT-ROOS, HOWARD",F
7870,"DAVIES, BRANDON",C
7929,"BITIM, ONURALP",F
7942,"REYNOLDS, JALEN",C
7946,"THEODORE, JORDAN",G
7947,"VILDOZA, LUCA",G
7948,"AUGUSTE, ZACH",C
796,"MIROTIC, NIKOLA",F
7960,"DAVIDOVAC, DEJAN",F
7975,"FRANCISCO, SYLVAIN",G
7982,"WILLIAMS-GOSS, NIGEL",G
7989,"COLE, NORRIS",G
7990,"DIBARTOLOMEO, JOHN",G
7992,"JEFFERSON, CORY",F
7993,"M'BAYE, AMATH",F
7994,"GARINO, PATRICIO",F
8001,"GILL, ANTHONY",F
8002,"MCCALLUM, RAY",G
8003,"ROBINSON, THOMAS",F
8004,"TARCZEWSKI, KALEB",C
8032,"GONZALEZ, MIGUEL",G
8062,"MCDOWELL-WHITE, WILL",G
8072,"DIOP, KHALIFA",C
8084,"MANTZOUKAS, ELEFTHERIOS",F
8099,"STRAZEL, MATTHEW",G
8104,"ZAGARS, ARTURS",G
8152,"DOUGLAS, TONEY",G
8161,"BEGARIN, JUHANN",G
8173,"SPAGNOLO, MATTEO",G
8211,"DELOW, MALTE",G
8232,"POKUSEVSKI, ALEKSEJ",F
8250,"GRANT, SASHA",F
8253,"GEORGE, JASON",F
8282,"ILYASOGLU, OMERCAN",G
8348,"PAYNE, ADREIAN",F
8384,"PROCIDA, GABRIELE",F
848,"NEDOVIC, NEMANJA",G
8780,"HERMANNSSON, MARTIN",G
8811,"FALL, MOUSTAPHA",C
8829,"PETERS, ALEC",F
8847,"MICKEY, JORDAN",F
8850,"RAIESTE, SANDER",F
8855,"WALKUP, THOMAS",G
8858,"ENNIS, TYLER",G
8962,"HAYES-DAVIS, NIGEL",F
8966,"TOBEY, MIKE",C
8967,"THOMAS, MATT",G
8977,"AMAIZE, ROBIN",F
8985,"BOLMARO, LEANDRO",G
8987,"LEDAY, ZACH",F
8989,"HILLIARD, DARRUN",G
8991,"BLACK, TARIK",C
8995,"UKHOV, IVAN",G
9004,"O'BRYANT, JOHNNY",F
9005,"DECK, GABRIEL",F
9006,"WILLIAMS, DERRICK",F
9022,"WALTON JR, DERRICK",G
9035,"BOLOMBOY, JOEL",C
9048,"MILLER-MCINTYRE, CODI",G
9051,"NNOKO, LANDRY",C
9101,"FERRANDO, GUILLEM",G
9105,"JIMENEZ, MILLAN",G
9212,"VUKCEVIC, TRISTAN",F
9213,"NDIAYE, ELI",F
925,"VESELY, JAN",C
9299,"RUBSTAVICIUS, MANTAS",G
9472,"WILEY, JACOB",F
9513,"HOLLATZ, JUSTUS",G
9540,"MARTIN, HASSAN",C
9549,"CORDINIER, ISAIA",G
956,"ANDJUSIC, DANILO",G
9580,"ELLIS, OCTAVIUS",C
9601,"CAVANAUGH, TYLER",F
9622,"BROWN, LORENZO",G
9664,"WILLIS, DEREK",F
9733,"JEKIRI, TONYE",C
9748,"JEREBKO, JONAS",F
9752,"PEREZ, ALEX",G
9753,"GEBEN, MARTINAS",C
9754,"LOYD, JORDAN",G
9766,"KOUFOS, KOSTA",C
9783,"COLSON, BONZIE",F
981,"CANDAN, BERKAY",F
9818,"BENTIL, BENJAMIN",F
9834,"BRAY, TJ",G
9835,"MONROE, GREG",C
9846,"BRYANT, ELIJAH",G
9848,"COHEN, SANDY",G
9849,"DORSEY, TYLER",G
9862,"PUNTER, KEVIN",G
9863,"BALDWIN IV, WADE",G
9866,"WALDEN, COREY",G
9902,"MACK, SHELVIN",G
9903,"BILIGHA, PAUL",C
9917,"HOLLINS, AUSTIN",G
9960,"POYTHRESS, ALEX",F
9992,"BRIZUELA, DARIO",G
AAX,"REYES, FELIPE",F
AMM,"PRINTEZIS, GEORGIOS",F
BCN,"BELINELLI, MARCO",G
BFX,"MONIA, SERGEY",F
BGV,"VIALTSEV, EGOR",G
BMT,"FERNANDEZ, RUDY",F
BOG,"KING, ALEX",F
BWI,"JANKUNAS, PAULIUS",F
CCD,"DATOME, LUIGI",F
CPR,"SIMON, KRUNOSLAV",F
CVM,"RODRIGUEZ, SERGIO",G
JAN,"PONKRASHOV, ANTON",G
JBX,"KALNIETIS, MANTAS",G
JDR,"TEODOSIC, MILOS",G
JDU,"RADULJICA, MIROSLAV",C
JFO,"CASSPI, OMRI",F
JLX,"KURBANOV, NIKITA",F
JPF,"SAVAS, OGUZ",C
JUG,"RIBAS, PAU",G
JUJ,"HUERTAS, MARCELINHO",G
JUO,"SPANOULIS, VASSILIS",G
KIR,"KAHUDI, CHARLES",F
KIW,"CINCIARINI, ANDREA",G
KLT,"HEURTEL, THOMAS",G
KPD,"MILAKNIS, ARTURAS",G
KRH,"PERPEROGLOU, STRATOS",F
KVZ,"SHVED, ALEXEY",G
LBJ,"STIMAC, VLADIMIR",C
LCZ,"MOTIEJUNAS, DONATAS",C
LEM,"RADOSEVIC, LEON",C
LHI,"VORONTSEVICH, ANDREY",F
LHK,"PLEISS, TIBOR",C
LKY,"KHVOSTOV, DMITRY",G
LLH,"FRIDZON, VITALY",G
LME,"MARKOVIC, STEFAN",G
LRQ,"VAN ROSSOM, SAM",G
LRU,"SIMONOVIC, MARKO",F
LUO,"LAZIC, BRANKO",G
TFK,"DIOT, ANTOINE",G
TFX,"VOUGIOUKAS, IAN",C
TGB,"LLULL, SERGIO",G
13402,"BLAKENEY, ANTONIO",G
13284,"WAINRIGHT, ISH",F
11823,"ODIASE, TAI",C
10550,"GINAT, TOMER",F
4846,"TIMOR, BAR",G
13283,"PALATIN, GUY",G
11202,"SHAYOK, MARIAL",G
12604,"WILLIAMS, TREVION",C
13250,"DeJULIUS, DAVID",G
14416,"EDWARDS, KESSLER",F
12606,"WRIGHT IV, MCKINLEY",G
12593,"ELLIS, QUINN",G
14127,"BRISSETT, O'SHAE J",F
14124,"HORTON TUCKER, TALEN",G
14005,"ALSTON JR. , DERRICK",F
8192,"TUBELIS, AZUOLAS",F
12687,"NIANG, SALIOU",F
12796,"KABENGELE, MFIONDU",C
11217,"TAYLOR, KAMERON",F
5422,"JALLOW, KARIM",F
14013,"WATSON, GLYNN",G
14117,"LYLES, TREY",F
14088,"SELJAAS, ZACHARY",C
13290,"JESSUP, JUSTINIAN",G
14027,"DIAKITE, MAMADI",C
14115,"MOORE, OMARI",G
11927,"SLEVA, DUSTIN",F
10581,"OSETKOWSKI, DYLAN",F
10042,"MONTERO, JEAN",G
14152,"SIMMONS, KOBI",G
14008,"ROBINSON, JUSTIN",G
14006,"OKEKE, CHUMA",F
12403,"FAYE, MOUHAMED",C
13405,"ROBERSON, ANDRE",F
14163,"BUTLER, JARED",G
10319,"TRAORE, ARMEL",C
10431,"MORGAN, JEREMY",F
14102,"JONES, KAI",C
14178,"RHODEN, JARED",G
14010,"DOKOSSI, ALLAN",C
3458,"BERTANS, DAVIS",F
12618,"MASSA, BODIAN",F
13289,"SANTOS, MARCIO",C
13269,"CALE, MYLES",F
14014,"VAUTIER, BASTIEN",C
13379,"METU, CHIMEZIE",C
14207,"OMORUYI, EUGENE",C
14009,"STEVENS, LAMAR",F
14029,"IZUNDU, EBUKA",C
14168,"KEY, BRAXTON",F
14026,"FRISCH, CLEMENT",F
14190,"RADZEVICIUS, GYTIS",G
14012,"LEAF, TJ",F
14007,"MILTON, SHAKE",G
5793,"SY, BANDJA",F
12622,"MITCHELL, MATTHEW",F
14134,"NORRIS, MILES",F
11284,"FARIED, KENNETH",C
14119,"NOWELL, MARKQUIS",G
10465,"ANGOLA, BRAIAN",F
14011,"HOLMES, RICHAUN",C
6725,"EBOUA, PAUL",C
14016,"BOSTON JR., BRANDON",G
14123,"DOWTIN JR, JEFFREY",G
13365,"BROWN, VITTO",F
8325,"KAMENJAS, KENAN",C
14108,"DIARRA, ALIOU",C
14086,"DIALLO, HAMIDOU",F
5738,"GRAZULIS, ANDREJS",F
14025,"SWIDER, COLE",F
14015,"BACOT JR., ARMANDO",C
14162,"DINWIDDIE, SPENCER",G
9948,"MARCOS, JUANI",G
14213,"PAYNE, CAMERON",G
12591,"TUCKER, RAYJON",G
10318,"DESSERT, BRICE",C
14031,"KONDIC, KOSTA",G
12268,"ATAMNA, ADAM",G
14120,"LAVI, GUR",F
10035,"VILLAR, RAFA",G
14316,"JOSEPH, CORY",G
11305,"CARTER, TYSON",G
13396,"MAYS, SKYLAR",G
13695,"HOLIDAY, JUSTIN",F
14169,"LEN, ALEX",C
6904,"AYAYI, JOEL",G
13364,"JOHNSON, STANLEY",F
9556,"NGOUAMA, MEHDY",G
12058,"NDIAYE, OUSMANE",C
14219,"FERRARI, FRANCESCO",G
14220,"SILVA, CHRIS",C
13304,"HANKINS, ZACHARY",G
13372,"SCHOFIELD, ADMIRAL",F
13368,"YEBO, KEVIN",C
13774,"BAKER II , ROBERT",F
14212,"MORRIS, MONTE",G
14094,"MILJENOVIC, STEFAN",G
14157,"ELLIS, BOOGIE",G
13775,"WONG, ISAIAH",G
14004,"TAYLOR, BRANDON",G
14028,"GRAHAM, DEVONTE",G
14107,"JOKSIMOVIC, STEFAN",F
LMG,"MARJANOVIC, BOBAN",C
13696,"BANGO, JILSON",C
12885,"KEITA, SAYON",C
8176,"MUTAF, DAVID",G
13028,"BAIOCCHI, MATTEO",G
5596,"SIMA, YANKUBA",C
10162,"NOGUES, ISAAC",G
14141,"ARMSTRONG, TARAN",G
11626,"DOERRIES, AMON",F
12263,"SISSOKO, YOHANN",F
10784,"SAVKOV, PAVEL",F
7483,"DOSSOU-YOVO, MATHIS",F
13027,"ACCORSI, MATTEO",G
14133,"IROEGBU, IKE",G
13377,"PAUL, MBIYA",C
12100,"NUFER, ANTON",G
11925,"WALLACE, TYRONE",G
13666,"SMITH JR, DENNIS",G
12977,"MIKALAUSKAS, KAJUS",G
6277,"TOTE, LEONARDO",C
4451,"KOUZELOGLOU, IOANNIS",C
14121,"OMORUYI, CLIFFORD",C
5379,"CANCAR, VLATKO",F
14122,"NETZIPOGLOU, OMIROS",G
14177,"RYAN, MATT",F
12943,"MIJAILOVIC, UROS",F
12997,"MUURINEN, MIIKKA",F
8174,"EKSIOGLU, MERT",G
10105,"ALMANSA, IZAN",F
3836,"MICHINEAU, DAVID",G
7855,"KABA, ALPHA",F
12126,"VOLF, IVAN",G
13505,"NETO, RAUL",G
12099,"GROSBER, DORIAN",F
13514,"MENSAH, NATHAN",C
10788,"QUEREJETA, JOSEBA",G
12168,"GUEYE, SIDI",C
12317,"VILLAR, RAUL",G
14105,"BOL, JUOM MAKER",C
11330,"BUIKA, DOVYDAS",G
12113,"LONATI, ACHILLE",G
6273,"VISCONTI, RICCARDO",G
12181,"JUZENAS, MANTAS",G
14128,"KUSTURICA, NIKOLA",F
12199,"DURU, DECLAN",F
11686,"RADOSIC, OGNJEN",G
13555,"GRINVALDS, GUNARS",F
