season,player_code,player_name,age,is_traded,games,games_started,start_rate,minutes,min_per_game,sum_pir,pir_per_game,gmax,frac,ppm,minutes_tot,frac_lag,min_pg_lag,ppm_lag,mins_lag,season_lag,el_seasons_lag,age_c,gap,log_gap,ppm_lag_shrunk,pir_lag_shrunk,el_seasons,team,position,cost,avail,ppm_sd,ppm_true,is_newcomer,avail_true,pc,code,real,model,err_m,err_log,club,chosen
2025,10392,"LARENTZAKIS, GIANNOULIS",32,False,7.0,0.0,0.0,20.933333333333334,2.9904761904761905,0.0,0.0,38.0,0.18421052631578946,0.4124132689087922,20.933333333333334,0.4117647058823529,7.264285714285714,0.5309734513274337,101.7,2024.0,4,5.0,1.0,0.0,0.46294227820008693,6.132325029714371,4,OLY,G,0.7845622290695526,0.5215693001386505,0.0,0.0,False,0.18421052631578946,10392,10392,0.7,0.45905062923788303,-0.24094937076211692,-0.421919827715319,OLY,False
2025,10568,"JONES, CHRIS",32,False,38.0,4.0,0.1052631578947368,760.85,20.022368421052636,442.0,11.63157894736842,38.0,1.0,0.498112002121154,760.8500000000001,0.9705882352941176,25.795454545454547,0.5145374449339206,851.25,2023.0,3,5.0,2.0,0.6931471805599453,0.49137771748932785,11.755481576791354,3,HTA,G,2.4102862978923043,0.8336240507855213,0.0,0.5809292238943284,False,1.0,10568,10568,1.1,1.4102685557563617,0.3102685557563616,0.24846997152501615,HTA,False
2025,10781,"LUNDBERG, IFFE",31,False,16.0,9.0,0.5625,390.2,24.3875,198.0,12.375,38.0,0.42105263157894735,0.3355726589280786,390.2,0.7647058823529411,24.91217948717949,0.2948820214600005,647.7166666666667,2024.0,4,4.0,1.0,0.0,0.35747407942212284,8.02478810309404,4,TEL,G,1.1897220139521443,0.8125587016253373,0.0,0.5074320861096874,False,0.42105263157894735,10781,10781,0.5,0.6961113075384577,0.19611130753845774,0.3309014737498693,TEL,False
2025,11052,"MADAR, YAM",25,False,14.0,5.0,0.3571428571428571,144.26666666666668,10.304761904761904,44.0,3.142857142857143,38.0,0.3684210526315789,0.4219317164520796,144.26666666666665,0.14705882352941177,11.94,0.38525963149078724,59.699999999999996,2024.0,3,-2.0,1.0,0.0,0.4402692856248537,6.83994666833417,3,HTA,G,0.8173475998974896,0.5261880216008502,0.0,0.3049907578558226,False,0.3684210526315789,11052,11052,1.2,0.4782334863150207,-0.7217665136849792,-0.9199777574506894,HTA,False
2025,11078,"THOMPSON, DARIUS",30,False,38.0,19.0,0.5,731.6833333333333,19.254824561403503,405.0,10.657894736842104,38.0,1.0,0.47126766193254055,731.683333333333,1.0,26.70637254901961,0.4647491786127273,908.0166666666667,2024.0,3,3.0,1.0,0.0,0.45905567301554073,10.33221262899307,3,PAM,G,1.7623020922513108,0.8654061630333129,0.0,0.5535181430946905,False,1.0,11078,11078,2.5,1.0311302971016263,-1.4688697028983737,-0.8856351554825049,IST,False
2025,11157,"MOTLEY, JOHNATHAN",30,False,32.0,6.0,0.1875,497.9,15.559375,286.0,8.9375,38.0,0.8421052631578947,0.5837599822762636,497.9,0.9705882352941176,19.560606060606062,0.6537567776917118,645.5,2023.0,2,3.0,2.0,0.6931471805599453,0.5690600227138183,12.039373074119016,2,HTA,C,2.2875053720152714,0.7868355921272845,0.0,0.5744125326370757,False,0.8421052631578947,11157,11157,1.5,1.3384289244385186,-0.16157107556148143,-0.11396862644490102,HTA,False
2025,11193,"BLATT, TAMIR",28,False,38.0,15.0,0.3947368421052631,738.3333333333334,19.42982456140351,336.0,8.842105263157896,38.0,1.0,0.48158757999498925,738.3333333333334,0.7647058823529411,24.183333333333334,0.48189577479722195,628.7666666666667,2024.0,3,1.0,1.0,0.0,0.46757586275962165,9.381967449847934,3,TEL,G,1.4298412331042754,0.8126106568995386,0.0,0.455079006772009,False,1.0,11193,11193,0.7,0.8366060631611161,0.13660606316111612,0.17827297132202688,TEL,False
2025,11194,"PETRUSEV, FILIP",25,False,38.0,30.0,0.7894736842105263,892.8833333333333,23.4969298245614,584.0,15.36842105263158,38.0,1.0,0.6514677110623572,892.8833333333331,0.9117647058823529,19.549462365591395,0.7227325229635334,606.0333333333333,2024.0,3,-2.0,1.0,0.0,0.6054782881376737,9.969925437060065,3,DUB,F,1.6272905669324504,0.8081868482203727,0.0,0.6540608142161165,False,1.0,11194,11194,1.0,0.952134491089539,-0.04786550891046104,-0.04904898201586554,OLY,True
2025,11204,"GRANT, JERIAN",33,False,36.0,26.0,0.7222222222222222,851.5,23.65277777777778,298.0,8.277777777777779,38.0,0.9473684210526315,0.4026158668241339,851.5,1.0,26.37254901960784,0.3970260223048328,896.6666666666665,2024.0,2,6.0,1.0,0.0,0.4139147932299416,9.9618422586227,2,PAN,G,1.448309762523652,0.8586435901519265,0.0,0.3499706400469759,False,0.9473684210526315,11204,11204,1.2,0.8474120766765993,-0.3525879233234006,-0.3478897462376981,PAN,False
2025,11218,"EVANS, KEENAN",29,False,1.0,0.0,0.0,2.0166666666666666,2.0166666666666666,0.0,0.0,38.0,0.02631578947368421,0.6442873130397333,2.0166666666666666,1.0,27.387254901960784,0.6679792375156614,931.1666666666666,2023.0,2,2.0,2.0,0.6931471805599453,0.5961664690838575,13.789878724519246,2,OLY,G,3.3621470038064216,0.854586142532335,0.0,0.0,False,0.02631578947368421,11218,11218,0.5,1.9672062208729864,1.4672062208729864,1.3697615547729742,OLY,True
2025,11219,"SORKIN, ROMAN",29,False,38.0,35.0,0.9210526315789472,870.45,22.906578947368423,536.0,14.105263157894736,38.0,1.0,0.5008481992907132,870.45,0.9705882352941176,23.36060606060606,0.511090932676093,770.9,2024.0,3,2.0,1.0,0.0,0.48767733220000653,9.4000360322369,3,TEL,C,1.4355363882165817,0.8402762842865027,0.0,0.6157734505141018,False,1.0,11219,11219,0.9,0.8399383221471395,-0.06006167785286054,-0.06906630019808344,TEL,False
2025,11247,"FELIZ, ANDRES",28,False,33.0,6.0,0.1818181818181818,518.2166666666667,15.703535353535354,201.0,6.090909090909091,38.0,0.868421052631579,0.3490937590833722,518.2166666666667,0.7941176470588235,13.803703703703704,0.31392540917628114,372.7,2024.0,1,1.0,1.0,0.0,0.3870247415619156,6.819089013899276,1,MAD,G,0.646772070101646,0.7212472022708977,0.0,0.38786865210819155,False,0.868421052631579,11247,11247,1.0,0.37842903310009846,-0.6215709668999015,-0.9717267187960648,MAD,False
2025,11948,"HOWARD, MARKUS",26,False,23.0,15.0,0.6521739130434783,474.81666666666666,20.644202898550724,159.0,6.913043478260869,38.0,0.6052631578947368,0.32578157387605056,474.81666666666666,0.9411764705882353,22.3390625,0.27558228999090717,714.85,2024.0,3,-1.0,1.0,0.0,0.3420227968261904,8.370438338974072,3,BAS,G,1.1445632984542407,0.8333196601818487,0.0,0.3348660886658008,False,0.6052631578947368,11948,11948,1.2,0.6696887549393198,-0.5303112450606802,-0.5832637761921616,BAS,False
2025,12080,"LUWAWU-CABARROT, TIMOTHE",30,False,36.0,2.0,0.0555555555555555,914.7666666666668,25.41018518518519,590.0,16.38888888888889,38.0,0.9473684210526315,0.33725145938622936,914.7666666666668,0.7647058823529411,24.941025641025643,0.29299886912717177,648.4666666666667,2024.0,3,3.0,1.0,0.0,0.3563196469772907,8.678628211099356,3,BAS,F,1.2248594565664976,0.8147679165188448,0.0,0.6449732172138614,False,0.9473684210526315,12080,12080,0.98,0.7166703716181267,-0.26332962838187324,-0.3129365695246699,BAS,False
2025,12096,"CABOCLO, BRUNO",30,True,11.0,0.0,0.0,140.03333333333333,12.73030303030303,77.0,7.0,38.0,0.2894736842105263,0.4944752967457953,140.03333333333333,0.7941176470588235,19.386419753086415,0.542571483156085,523.4333333333332,2023.0,1,3.0,2.0,0.6931471805599453,0.4986527975375695,9.311626327332114,1,HTA;DUB,C,1.1191912689901937,0.7469451680690404,0.0,0.5498690787907641,False,0.2894736842105263,12096,12096,1.2,0.6548434747831164,-0.5451565252168835,-0.6056805984954401,HTA,False
2025,1255,"PAPANIKOLAOU, KOSTAS",35,False,31.0,17.0,0.5483870967741935,438.23333333333335,14.136559139784946,71.0,2.290322580645161,38.0,0.8157894736842105,0.34746067877625514,438.23333333333335,0.9705882352941176,18.982323232323232,0.34960755620593326,626.4166666666666,2024.0,8,8.0,1.0,0.0,0.3905599642793106,8.034432817989106,4,OLY,F,1.1922491342247292,0.7939938042548483,0.0,0.16201414771430742,False,0.8157894736842105,1255,1255,1.15,0.697589936139615,-0.45241006386038496,-0.4998857752719559,OLY,False
2025,12609,"MALCOLM, COLLIN",28,False,38.0,31.0,0.8157894736842105,961.1666666666666,25.293859649122805,331.0,8.710526315789474,38.0,1.0,0.4062812972722314,961.1666666666666,0.8529411764705882,19.054597701149422,0.3981299954757956,552.5833333333333,2024.0,1,1.0,1.0,0.0,0.4203194296896231,8.114187883061618,1,HTA,F,0.8599898749644982,0.7860709464888845,0.0,0.34437315762094683,False,1.0,12609,12609,1.1,0.5031836591328736,-0.5968163408671265,-0.7821102278288043,HTA,False
2025,12712,"HERNANGOMEZ, JUANCHO",30,False,38.0,26.0,0.6842105263157895,977.6833333333332,25.72850877192982,497.0,13.078947368421051,38.0,1.0,0.5565676474207003,977.6833333333332,1.0,27.25686274509804,0.564347888641105,926.7333333333333,2024.0,2,3.0,1.0,0.0,0.5261768836010275,10.344104584750417,2,PAN,F,1.5753797578161688,0.8687805658276283,0.0,0.5083445560082508,False,1.0,12712,12712,2.35,0.9217612603805646,-1.4282387396194354,-0.9358843537920168,PAN,True
2025,12774,"NUNN, KENDRICK",30,False,31.0,27.0,0.8709677419354839,919.4833333333332,29.66075268817204,521.0,16.806451612903224,38.0,0.8157894736842105,0.6466459354670946,919.4833333333332,0.9705882352941176,31.27929292929293,0.6500573200071044,1032.2166666666667,2024.0,2,3.0,1.0,0.0,0.5885814634947575,13.356368808371656,2,PAN,G,3.056302740983076,0.88780040938353,0.0,0.5666225597708858,False,0.8157894736842105,12774,12774,4.7,1.7882554683439518,-2.9117445316560486,-0.9663219627839804,PAN,True
2025,12788,"OTURU, DAN",26,False,38.0,38.0,1.0,885.35,23.29868421052632,611.0,16.07894736842105,38.0,1.0,0.5930935825911622,885.3500000000003,0.9705882352941176,16.82020202020202,0.6665865962046601,555.0666666666667,2024.0,2,-1.0,1.0,0.0,0.5685247295864168,9.657844739252054,2,HTA,C,1.3546140590005606,0.7943733986245117,0.0,0.6901225504037949,False,1.0,12788,12788,2.2,0.7925903301464738,-1.4074096698535263,-1.0209061588329613,HTA,True
2025,12878,"WRIGHT, MOSES",27,False,38.0,25.0,0.6578947368421053,881.65,23.20131578947368,660.0,17.36842105263158,38.0,1.0,0.4352724684736194,881.6499999999997,0.4411764705882353,13.055555555555554,0.4697872340425533,195.83333333333331,2024.0,2,0.0,1.0,0.0,0.454304910786562,8.347036643586456,2,ZAL,C,1.0152489224093948,0.621351403589068,0.0,0.7485963817841549,False,1.0,12878,12878,0.55,0.5940263747055803,0.04402637470558024,0.07700544201164106,OLY,False
2025,13380,"FOURNIER, EVAN",33,False,34.0,9.0,0.2647058823529412,734.6333333333333,21.60686274509804,263.0,7.735294117647059,38.0,0.8947368421052632,0.47080396296115123,734.6333333333334,0.9411764705882353,25.538541666666667,0.4833380919362075,817.2333333333333,2024.0,1,6.0,1.0,0.0,0.4706357063021711,10.206652276822938,1,OLY,G,1.3627646291843494,0.8439966764493989,0.0,0.3580017242161622,False,0.8947368421052632,13380,13380,2.3,0.7973592627217178,-1.502640737278282,-1.0593590559076629,OLY,False
2025,13381,"RAYMAN, WILLIAM",28,False,38.0,17.0,0.4473684210526316,454.98333333333335,11.973245614035088,105.0,2.763157894736842,38.0,1.0,0.3264552241079363,454.98333333333335,0.9705882352941176,11.39090909090909,0.28731045490822027,375.9,2024.0,1,1.0,1.0,0.0,0.3746279875081583,6.135328273030843,1,TEL,F,0.556442579994086,0.7381967468330121,0.0,0.2307776841642551,False,1.0,13381,13381,0.225,0.3255768720652897,0.10057687206528967,0.3694981976605807,TEL,False
2025,13403,"WALKER IV, LONNIE",27,False,28.0,26.0,0.9285714285714286,636.7166666666667,22.739880952380958,354.0,12.642857142857142,38.0,0.7368421052631579,0.48856647831482686,636.7166666666668,0.5588235294117647,22.292105263157897,0.5052532168575139,423.55,2024.0,1,0.0,1.0,0.0,0.4755368952927571,9.387779049682228,1,TEL,G,1.1381000297119959,0.7557426190561388,0.0,0.5559772792712613,False,0.7368421052631579,13403,13403,2.2,0.6659070694679459,-1.5340929305320543,-1.1950625138753932,TEL,True
2025,13699,"CLARK III, JIMMY",24,False,37.0,24.0,0.6486486486486487,729.6166666666667,19.71936936936937,318.0,8.594594594594595,38.0,0.9736842105263158,0.46073511010804075,729.6166666666667,0.23529411764705882,18.966666666666665,0.46792618629173993,151.73333333333332,2024.0,1,-3.0,1.0,0.0,0.4527009553783314,8.559978415234408,1,TEL,G,0.9486085496691093,0.6453833661097361,0.0,0.4358453068963154,False,0.9736842105263158,13699,13699,0.4,0.5550348149470195,0.15503481494701943,0.3275662943053005,TEL,False
2025,1926,"SLOUKAS, KOSTAS",35,False,37.0,6.0,0.1621621621621621,789.9166666666666,21.3490990990991,471.0,12.72972972972973,38.0,0.9736842105263158,0.5164569397915149,789.9166666666666,0.9705882352941176,21.57828282828283,0.5645406670567583,712.0833333333334,2024.0,8,8.0,1.0,0.0,0.5192443928716999,11.437577518100394,4,PAN,G,2.520724381566086,0.8156661297118196,0.0,0.596265428842705,False,0.9736842105263158,1926,1926,2.4,1.4748863386725732,-0.9251136613274267,-0.4868878090583465,PAN,False
2025,2328,"GRIGONIS, MARIUS",31,False,15.0,0.0,0.0,80.8,5.386666666666667,2.0,0.1333333333333333,38.0,0.39473684210526316,0.3859020904066309,80.8,0.11764705882352941,11.458333333333334,0.24,45.833333333333336,2024.0,6,4.0,1.0,0.0,0.4283803459824967,7.06413453003867,4,PAN,G,0.9630713706627753,0.49132282851770387,0.0,0.024752475247524747,False,0.39473684210526316,2328,2328,1.1,0.5634970717721676,-0.5365029282278325,-0.6689033218202791,PAN,False
2025,2580,"MICIC, VASILIJE",31,False,36.0,34.0,0.9444444444444444,855.4,23.76111111111111,388.0,10.77777777777778,38.0,0.9473684210526315,0.5550387592083519,855.4,0.9117647058823529,31.28655913978494,0.5567679961507398,969.8833333333332,2022.0,5,4.0,3.0,1.0986122886681098,0.5221592770882499,13.899362547011716,4,HTA,G,4.3325157196200745,0.853687512858375,0.0,0.45358896422726225,False,0.9473684210526315,2580,2580,6.0,2.534972999698537,-3.465027000301463,-0.8615764832481251,HTA,False
2025,2939,"SATORANSKY, TOMAS",34,False,35.0,32.0,0.9142857142857144,877.5833333333334,25.07380952380953,390.0,11.142857142857142,38.0,0.9210526315789473,0.42336067018409107,877.5833333333335,1.0,23.27745098039216,0.43591795476561507,791.4333333333334,2024.0,3,7.0,1.0,0.0,0.4401406343873919,9.839620036400476,3,BAR,G,1.5813022553117015,0.8356751633499173,0.0,0.44440224100275366,False,0.9210526315789473,2939,2939,1.85,0.9252265383422736,-0.9247734616577264,-0.6929023042286301,BAR,False
2025,3108,"HEZONJA, MARIO",30,False,38.0,30.0,0.7894736842105263,840.9166666666666,22.12938596491228,445.0,11.710526315789474,38.0,1.0,0.5258997516043319,840.9166666666666,0.9411764705882353,26.874479166666667,0.5302428341634527,859.9833333333333,2024.0,4,3.0,1.0,0.0,0.5018424571938482,11.936437463125916,4,MAD,F,2.813129025659054,0.8579594915551102,0.0,0.5291844217619661,False,1.0,3108,3108,2.6,1.6459735142840526,-0.9540264857159475,-0.45717943385945986,MAD,False
2025,3196,"HERNANGOMEZ, WILLY",31,False,37.0,13.0,0.3513513513513513,505.15,13.652702702702705,256.0,6.918918918918919,38.0,0.9736842105263158,0.5506333233036139,505.1500000000001,0.8529411764705882,15.43103448275862,0.6569832402234637,447.49999999999994,2024.0,2,4.0,1.0,0.0,0.5519835709002652,10.227133080113587,2,BAR,C,1.5353558586958724,0.7445100760221437,0.0,0.5067801643076314,False,0.9736842105263158,3196,3196,2.7,0.8983431102390328,-1.8016568897609675,-1.1004549739936884,BAR,False
2025,3469,"VEZENKOV, SASHA",30,False,34.0,34.0,1.0,964.55,28.36911764705882,786.0,23.11764705882353,38.0,0.8947368421052632,0.7759394988894168,964.55,0.9411764705882353,30.4046875,0.8047690014903129,972.95,2024.0,7,3.0,1.0,0.0,0.6918059347714169,17.810472455910908,4,OLY,F,10.24313174763189,0.8793434256470208,0.0,0.8148877714996631,False,0.8947368421052632,3469,3469,3.9,5.993299065255034,2.093299065255034,0.42966546952403517,OLY,True
2025,3842,"LESSORT, MATHIAS",30,False,8.0,8.0,1.0,168.13333333333333,21.016666666666666,104.0,13.0,38.0,0.21052631578947367,0.6616168502915493,168.13333333333333,0.5,26.571568627450976,0.772608198354426,451.7166666666666,2024.0,5,3.0,1.0,0.0,0.6103971183294694,14.910757845398368,4,PAN,C,5.4122190179019,0.7767056548627089,0.0,0.6185567010309279,False,0.21052631578947367,3842,3842,2.75,3.166711898286976,0.4167118982869762,0.14109288182746638,PAN,True
2025,3941,"MILUTINOV, NIKOLA",31,False,35.0,35.0,1.0,764.35,21.83857142857143,703.0,20.085714285714285,38.0,0.9210526315789473,0.6188815003368421,764.35,0.7058823529411765,19.686111111111103,0.7344433469733318,472.46666666666647,2024.0,7,4.0,1.0,0.0,0.5944987225008904,11.777777726922288,4,OLY,C,2.716628668529862,0.7534869847570759,0.0,0.9197357231634721,False,0.9210526315789473,3941,3941,1.625,1.589510753242941,-0.03548924675705889,-0.022081549262576272,OLY,False
2025,4088,"OSMAN, CEDI",30,False,33.0,28.0,0.8484848484848485,903.1,27.366666666666667,413.0,12.515151515151516,38.0,0.868421052631579,0.3756691907110657,903.1,0.9411764705882353,18.3140625,0.3685692347069363,586.05,2024.0,2,3.0,1.0,0.0,0.40288138109453014,7.3905127182802435,2,PAN,F,0.8225836734860564,0.7929975821979757,0.0,0.4573136972649762,False,0.868421052631579,4088,4088,1.65,0.4812971347886645,-1.1687028652113354,-1.2320457436706735,PAN,False
2025,4161,"SEGEV, ITAY",30,False,1.0,0.0,0.0,2.9833333333333334,2.9833333333333334,-2.0,-2.0,38.0,0.02631578947368421,0.33853091344735825,2.9833333333333334,0.3,8.0,0.1527777777777778,72.0,2017.0,2,3.0,8.0,2.0794415416798357,0.4069066185497853,6.556342042990036,2,HTA,C,0.6846648790637576,0.4009126784527607,0.0,-0.6703910614525139,False,0.02631578947368421,4161,4161,0.3,0.400600273510534,0.10060027351053402,0.28918163132749064,HTA,False
2025,5353,"YURTSEVEN, OMER",27,False,19.0,6.0,0.3157894736842105,240.36666666666667,12.650877192982456,159.0,8.368421052631579,38.0,0.5,0.5438491270785212,240.36666666666667,0.7058823529411765,13.613194444444444,0.6672448094679386,326.71666666666664,2024.0,1,0.0,1.0,0.0,0.5399720037975941,8.716858811425805,1,PAN,C,0.9819206586556215,0.6998129843824218,0.0,0.6614893912078769,False,0.5,5353,5353,1.0,0.5745258687154818,-0.42547413128451816,-0.554210154481685,PAN,True
2025,5791,"TAVARES, WALTER",33,False,38.0,38.0,1.0,884.7666666666667,23.28333333333333,600.0,15.789473684210526,38.0,1.0,0.6341710290834557,884.7666666666667,1.0,23.886764705882356,0.6882964969525333,812.1500000000001,2024.0,7,6.0,1.0,0.0,0.6024682128772236,12.944394911638808,4,MAD,C,3.5115300830416403,0.8418213832685482,0.0,0.6781448969596504,False,1.0,5791,5791,2.85,2.0546108829630096,-0.7953891170369904,-0.3272325156177923,MAD,False
2025,5928,"CAMPAZZO, FACUNDO",34,False,38.0,31.0,0.8157894736842105,921.9166666666666,24.260964912280706,552.0,14.526315789473683,38.0,1.0,0.6441482909053045,921.9166666666669,0.9705882352941176,25.927777777777777,0.6930673783041471,855.6166666666667,2024.0,7,7.0,1.0,0.0,0.6084521400229683,13.919734721423175,4,MAD,G,4.351977444103507,0.8496241716036556,0.0,0.5987525987525986,False,1.0,5928,5928,2.4,2.546360135784312,0.14636013578431228,0.059196204382187534,MAD,False
2025,5985,"JAMES, MIKE",35,False,34.0,34.0,1.0,1010.9,29.73235294117647,642.0,18.88235294117647,38.0,0.8947368421052632,0.567487118873652,1010.9,1.0,29.15392156862745,0.5851296364798063,991.2333333333332,2024.0,8,8.0,1.0,0.0,0.5421781725487347,14.65073114751159,4,MCO,G,5.1112925485812655,0.8727999615622758,0.0,0.6350776535760214,False,0.8947368421052632,5985,5985,3.0,2.990638567227184,-0.00936143277281598,-0.0031253564333257877,MCO,False
2025,6435,"LAPROVITTOLA, NICOLAS",35,False,20.0,2.0,0.1,336.7,16.835,145.0,7.25,38.0,0.5263157894736842,0.45854106356397456,336.70000000000005,0.11764705882352941,22.025,0.601589103291714,88.1,2024.0,6,8.0,1.0,0.0,0.4727843428414569,10.457049102219765,4,BAR,G,2.0316054389055958,0.6166170247614717,0.0,0.4306504306504306,False,0.5263157894736842,6435,6435,1.5,1.188700807326326,-0.3112991926736739,-0.23260415593652167,BAR,False
2025,6540,"MUSA, DZANAN",26,False,18.0,10.0,0.5555555555555556,480.35,26.686111111111117,281.0,15.61111111111111,38.0,0.47368421052631576,0.5556608057511504,480.35000000000014,0.8529411764705882,22.34597701149425,0.5786739365258989,648.0333333333332,2024.0,4,-1.0,1.0,0.0,0.5249433121790364,11.6583908914931,4,DUB,F,2.6462038251372832,0.8179552401689525,0.0,0.5849901113771208,False,0.47368421052631576,6540,6540,3.5,1.5483048839370959,-1.9516951160629041,-0.8156022592728803,DUB,False
2025,6760,"BONGA, ISAAC",26,False,38.0,28.0,0.7368421052631579,1055.7666666666669,27.78333333333334,544.0,14.31578947368421,38.0,1.0,0.4215579335214507,1055.7666666666669,0.8823529411764706,24.98,0.39097945022684816,749.4,2024.0,3,-1.0,1.0,0.0,0.4122104843113123,8.6344004732893,3,PAR,F,1.2129990390592624,0.8426904577635155,0.0,0.5152653679790357,False,1.0,6760,6760,2.155,0.7097307919162372,-1.4452692080837626,-1.1106602707193687,PAN,False
2025,6835,"HOARD, JAYLEN",26,False,35.0,35.0,1.0,1008.3833333333332,28.810952380952376,565.0,16.142857142857142,38.0,0.9210526315789473,0.5787541043903001,1008.3833333333331,0.7058823529411765,30.64027777777778,0.5725035129867186,735.3666666666667,2024.0,1,-1.0,1.0,0.0,0.5250740318463946,11.888733811425803,1,TEL,F,1.973048441827421,0.8538556505811323,0.0,0.5603027949027322,False,0.9210526315789473,6835,6835,1.05,1.1544388643483983,0.10443886434839822,0.09482423001686197,TEL,False
2025,7027,"MALEDON, THEO",24,False,32.0,3.0,0.09375,557.1333333333333,17.410416666666666,359.0,11.21875,38.0,0.8421052631578947,0.7303241532749422,557.1333333333333,0.9705882352941176,27.593434343434343,0.7456758488148622,910.5833333333333,2024.0,2,-3.0,1.0,0.0,0.6470792588103053,12.251357515065804,2,MAD,G,2.3967154771334847,0.8755149834825826,0.0,0.6443699892305852,False,0.8421052631578947,7027,7027,1.3,1.4023282119852898,0.10232821198528974,0.07576959944706746,MAD,True
2025,7200,"LARKIN, SHANE",33,False,12.0,10.0,0.8333333333333334,364.25,30.354166666666668,181.0,15.083333333333334,38.0,0.3157894736842105,0.5518613967191118,364.25,0.6764705882352942,24.88188405797101,0.6028482395084022,572.2833333333332,2024.0,7,6.0,1.0,0.0,0.5344949262758087,13.521250689406475,4,IST,G,3.98669403954147,0.7911522429179669,0.0,0.4969114619080302,False,0.3157894736842105,7200,7200,3.75,2.332631293760879,-1.4173687062391211,-0.47475889896929013,IST,False
2025,7230,"SEDEKERSKIS, TADAS",27,False,13.0,10.0,0.7692307692307693,310.45,23.88076923076923,130.0,10.0,38.0,0.34210526315789475,0.4797216289622646,310.45,0.7352941176470589,24.41133333333333,0.4719119534642379,610.2833333333333,2024.0,6,0.0,1.0,0.0,0.461579692424655,11.02988383085528,4,BAS,F,2.3044733144675305,0.8109984783953813,0.0,0.41874698019004675,False,0.34210526315789475,7230,7230,1.1,1.3483569382670957,0.2483569382670956,0.20357658863417016,BAS,False
2025,7527,"BADIO, BRANCOU",26,False,34.0,17.0,0.5,653.9,19.23235294117647,304.0,8.941176470588236,38.0,0.8947368421052632,0.3829219166668863,653.9,0.029411764705882353,0.3666666666666666,0.0,0.3666666666666666,2020.0,1,-1.0,5.0,1.6094379124341003,0.4472028455695092,8.289730827591502,1,PAM,G,0.8938524622322332,0.27095218101685853,0.0,0.4649028903502065,False,0.8947368421052632,7527,7527,1.3,0.522996800037339,-0.7770031999626611,-0.9105441978788745,PAN,True
2025,7673,"TRIFUNOVIC, UROS",25,False,1.0,0.0,0.0,3.1666666666666665,3.1666666666666665,1.0,1.0,38.0,0.02631578947368421,0.31776982287450495,3.1666666666666665,0.5588235294117647,13.915789473684208,0.20045385779122543,264.4,2023.0,2,-2.0,2.0,0.6931471805599453,0.3561103791755151,5.144076669442408,2,TEL,G,0.5018120986293754,0.6389549374386968,0.0,0.31578947368421056,False,0.02631578947368421,7673,7673,0.25,0.2936123497917918,0.043612349791791793,0.16079944131701884,TEL,True
2025,7853,"MCKISSIC, SHAQUIELLE",35,False,22.0,0.0,0.0,254.35,11.561363636363636,102.0,4.636363636363637,38.0,0.5789473684210527,0.44208578270409066,254.35,0.9705882352941176,17.79040404040404,0.48715400993612484,587.0833333333334,2024.0,5,8.0,1.0,0.0,0.46997694323791517,7.719907795216852,4,OLY,G,1.112539068577013,0.7834299440384994,0.0,0.4010222134853549,False,0.5789473684210527,7853,7853,0.65,0.6509512446038627,0.0009512446038626443,0.0014623834326353835,OLY,False
2025,7866,"MITOGLOU, KONSTANTINOS",29,False,28.0,6.0,0.2142857142857142,393.4,14.05,165.0,5.892857142857143,38.0,0.7368421052631579,0.3756359493589307,393.40000000000003,0.9411764705882353,15.424479166666666,0.36670606111767684,493.5833333333333,2024.0,6,2.0,1.0,0.0,0.4052691917862629,8.942888077628814,4,PAN,F,1.4560177781981651,0.7689551470380858,0.0,0.41942043721403155,False,0.7368421052631579,7866,7866,1.125,0.8519220687644888,-0.27307793123551116,-0.27804326057899176,PAN,False
2025,7947,"VILDOZA, LUCA",30,False,31.0,19.0,0.6129032258064516,659.6333333333333,21.278494623655916,307.0,9.903225806451612,38.0,0.8157894736842105,0.35465135484112026,659.6333333333334,0.7941176470588235,17.892592592592592,0.3270544400745187,483.1,2024.0,7,3.0,1.0,0.0,0.38517335214123666,6.646105830746354,4,VIR,G,0.8784505528198701,0.7580619374743273,0.0,0.46541007630501785,False,0.8157894736842105,7947,7947,1.1,0.5139850786655427,-0.5860149213344574,-0.7608712235862451,OLY,False
2025,796,"MIROTIC, NIKOLA",34,False,31.0,8.0,0.2580645161290322,590.5166666666667,19.048924731182797,393.0,12.67741935483871,38.0,0.8157894736842105,0.7312487488320665,590.5166666666668,0.8823529411764706,27.487222222222226,0.7991592052873051,824.6166666666668,2024.0,5,7.0,1.0,0.0,0.675030601265469,15.348842617768854,4,MCO,F,5.959815310687887,0.8465060009503936,0.0,0.6655188958821371,False,0.8157894736842105,796,796,3.0,3.487112770847277,0.4871127708472769,0.15046181886589505,MIL,True
2025,7982,"WILLIAMS-GOSS, NIGEL",31,False,27.0,25.0,0.925925925925926,625.4166666666666,23.16358024691358,293.0,10.851851851851851,38.0,0.7105263157894737,0.39510062451971156,625.4166666666666,0.8823529411764706,22.44611111111111,0.386109942331015,673.3833333333333,2024.0,4,4.0,1.0,0.0,0.4107282360277625,8.440831199276332,4,ZAL,G,1.303757838585546,0.8143329562044939,0.0,0.46848767488341103,False,0.7105263157894737,7982,7982,0.975,0.7628341436807303,-0.21216585631926965,-0.24539683728652717,OLY,False
2025,7990,"DIBARTOLOMEO, JOHN",34,False,27.0,0.0,0.0,386.9,14.329629629629627,121.0,4.481481481481482,38.0,0.7105263157894737,0.31302569933870295,386.8999999999999,0.9705882352941176,17.421212121212122,0.2991824665159158,574.9,2024.0,7,7.0,1.0,0.0,0.3643333543594379,6.732304220472134,4,TEL,G,0.8952684283895236,0.7823077810729583,0.0,0.312742310674593,False,0.7105263157894737,7990,7990,0.65,0.5238252877358285,-0.12617471226417154,-0.2158141545170369,TEL,False
2025,8811,"FALL, MOUSTAPHA",33,False,2.0,0.0,0.0,13.433333333333334,6.716666666666667,11.0,5.5,38.0,0.05263157894736842,0.4633163213264582,13.433333333333334,0.8529411764705882,17.717816091954024,0.5118557202633884,513.8166666666667,2024.0,4,6.0,1.0,0.0,0.4818398259174338,10.14162208093114,4,OLY,C,1.8954024567778098,0.7622600868197059,0.0,0.8188585607940446,False,0.05263157894736842,8811,8811,1.6,1.1090078749709331,-0.490992125029067,-0.3665378199370428,OLY,False
2025,8829,"PETERS, ALEC",30,False,38.0,4.0,0.1052631578947368,563.2833333333333,14.823245614035088,279.0,7.342105263157895,38.0,1.0,0.486944588371904,563.2833333333333,1.0,16.336764705882356,0.532901251237735,555.45,2024.0,6,3.0,1.0,0.0,0.4947090903406314,10.135947136545756,4,OLY,F,1.8930375057812254,0.7874036936692028,0.0,0.4953102346362103,False,1.0,8829,8829,1.175,1.1076241322888691,-0.06737586771113091,-0.059050847609028526,OLY,False
2025,8855,"WALKUP, THOMAS",33,False,32.0,32.0,1.0,773.35,24.1671875,291.0,9.09375,38.0,0.8421052631578947,0.38788954801640874,773.35,0.5882352941176471,21.306666666666665,0.3754693366708386,426.1333333333333,2024.0,6,6.0,1.0,0.0,0.4125002909180353,8.752559729466048,4,OLY,G,1.3963088238881853,0.7377981803857423,0.0,0.376284993857891,False,0.8421052631578947,8855,8855,1.075,0.8169861108104101,-0.2580138891895899,-0.2744538460783221,OLY,False
2025,8858,"ENNIS, TYLER",31,False,10.0,2.0,0.2,83.73333333333333,8.373333333333333,32.0,3.2,38.0,0.2631578947368421,0.4091952802578266,83.73333333333333,0.1,10.183333333333334,0.6546644844517185,30.55,2018.0,1,4.0,7.0,1.9459101490553132,0.4607330244157485,8.369278230959338,1,HTA,G,0.9096332182591111,0.37410817933870116,0.0,0.3821656050955414,False,0.2631578947368421,8858,8858,0.6,0.5322301861418153,-0.0677698138581847,-0.11985357873611346,HTA,False
2025,8962,"HAYES-DAVIS, NIGEL",31,False,10.0,6.0,0.6,273.1,27.31,144.0,14.4,38.0,0.2631578947368421,0.5768994451873418,273.09999999999997,1.0,31.16127450980392,0.5719769069829634,1059.4833333333333,2024.0,5,4.0,1.0,0.0,0.5348884860490817,13.885985512913615,4,PAN,F,4.31978387724009,0.8894239368432992,0.0,0.5272793848407177,False,0.2631578947368421,8962,8962,4.25,2.527523545672665,-1.7224764543273352,-0.5196789952719103,PAN,False
2025,9005,"DECK, GABRIEL",30,False,35.0,8.0,0.2285714285714285,706.9,20.197142857142858,313.0,8.942857142857143,38.0,0.9210526315789473,0.40250264268799874,706.9,0.6764705882352942,23.88478260869565,0.3786292891599162,549.35,2024.0,6,3.0,1.0,0.0,0.4096715413848881,9.021217475503352,4,MAD,F,1.4813264332478644,0.7888415538577559,0.0,0.44277832791059557,False,0.9210526315789473,9005,9005,1.65,0.8667302682867973,-0.7832697317132026,-0.6438027477610526,MAD,False
2025,925,"VESELY, JAN",35,False,36.0,22.0,0.6111111111111112,756.5666666666667,21.015740740740743,336.0,9.333333333333334,38.0,0.9473684210526315,0.49737243085900645,756.5666666666667,0.6470588235294118,21.95151515151515,0.5549420209828825,482.9333333333333,2024.0,8,8.0,1.0,0.0,0.5031498373049035,11.549603129100891,4,BAR,C,2.5836222138957483,0.7529146954012794,0.0,0.44411155659338236,False,0.9473684210526315,925,925,1.75,1.5116881224429601,-0.23831187755703986,-0.14638879967985308,BAR,False
2025,9622,"BROWN, LORENZO",35,False,12.0,4.0,0.3333333333333333,173.7,14.475,82.0,6.833333333333333,38.0,0.3157894736842105,0.46636542932604397,173.7,0.9411764705882353,15.603645833333331,0.5367335358323042,499.3166666666666,2024.0,5,8.0,1.0,0.0,0.4944664634733629,9.191143883954345,4,MIL,G,1.5377531851593065,0.756526554699451,0.0,0.4720782959124928,False,0.3157894736842105,9622,9622,1.9,0.8997457959416484,-1.0002542040583515,-0.7474968906801633,PAN,False
2025,9846,"BRYANT, ELIJAH",30,False,34.0,34.0,1.0,1008.4833333333332,29.66127450980392,700.0,20.58823529411765,38.0,0.8947368421052632,0.5514985918212844,1008.4833333333333,0.9705882352941176,26.714141414141416,0.5603660150489658,881.5666666666667,2024.0,5,3.0,1.0,0.0,0.5222459170022689,11.549365031069112,4,HTA,G,2.5834868809235134,0.861240689085355,0.0,0.6941116197590442,False,0.8947368421052632,9846,9846,2.8,1.5116089385570182,-1.2883910614429817,-0.6164448113970178,HTA,False
2025,9849,"DORSEY, TYLER",29,False,38.0,37.0,0.9736842105263158,994.8333333333334,26.17982456140351,573.0,15.078947368421051,38.0,1.0,0.3153722443599288,994.8333333333334,0.5882352941176471,10.119166666666668,0.19764473359136947,202.38333333333338,2024.0,5,2.0,1.0,0.0,0.37003590151442856,6.157478866312939,4,OLY,G,0.7889159846576611,0.6204846685286826,0.0,0.5759758753560059,False,1.0,9849,9849,1.45,0.4615980297731336,-0.9884019702268664,-1.1446243884856158,OLY,False
2025,9862,"PUNTER, KEVIN",32,False,37.0,37.0,1.0,1001.1833333333332,27.059009009009003,494.0,13.35135135135135,38.0,0.9736842105263158,0.5884222659151744,1001.1833333333332,0.9411764705882353,26.930208333333333,0.6138552585773411,861.7666666666667,2024.0,5,5.0,1.0,0.0,0.5568103485500379,12.752896782169657,4,BAR,G,3.3666613220880452,0.8551198995460837,0.0,0.49341612425296744,False,0.9736842105263158,9862,9862,2.8,1.969847567309224,-0.8301524326907759,-0.35166325442540947,BAR,False
2025,9863,"BALDWIN IV, WADE",29,False,37.0,7.0,0.1891891891891892,942.1333333333332,25.46306306306306,606.0,16.37837837837838,38.0,0.9736842105263158,0.4573568546044783,942.1333333333332,0.6470588235294118,24.07878787878788,0.4530581424616158,529.7333333333333,2024.0,5,2.0,1.0,0.0,0.45053612025345796,11.72100224293806,4,ULK,G,2.6829067884456137,0.7867752626739749,0.0,0.6432210585904331,False,0.9736842105263158,9863,9863,2.4,1.5697799406978137,-0.8302200593021862,-0.4245332929783655,ULK,False
2025,13402,"BLAKENEY, ANTONIO",29,False,38.0,2.0,0.0526315789473684,850.1333333333333,22.3719298245614,403.0,10.605263157894736,38.0,1.0,0.4246156523411676,850.1333333333331,0.6974230799038983,16.344776506392762,,,,0,2.0,1.0,0.0,0.4444936501566126,8.496974098281289,0,HTA,G,0.8341340824933388,0.722192245801692,0.0,0.47404328732747814,True,1.0,13402,13402,1.4,0.4880553272255295,-0.9119446727744704,-1.0537987407145641,HTA,False
2025,14127,"BRISSETT, O'SHAE J",27,False,36.0,20.0,0.5555555555555556,885.1833333333333,24.588425925925925,376.0,10.444444444444445,38.0,0.9473684210526315,0.43166936908645503,885.1833333333333,0.6974230799038983,16.344776506392762,,,,0,0.0,1.0,0.0,0.4444936501566126,8.496974098281289,0,TEL,F,0.8341340824933388,0.7273930269277699,0.0,0.42477076311875134,True,0.9473684210526315,14127,14127,0.9,0.4880553272255295,-0.4119446727744705,-0.6119659884355249,TEL,False
2025,14012,"LEAF, TJ",28,False,24.0,1.0,0.0416666666666666,436.9166666666667,18.20486111111111,301.0,12.541666666666666,38.0,0.631578947368421,0.4281425107138114,436.91666666666663,0.6974230799038983,16.344776506392762,,,,0,1.0,1.0,0.0,0.4444936501566126,8.496974098281289,0,TEL,F,0.8341340824933388,0.724800257222809,0.0,0.6889185580774365,True,0.631578947368421,14012,14012,0.95,0.4880553272255295,-0.46194467277447043,-0.6660332097058006,TEL,False
2025,13289,"SANTOS, MARCIO",23,False,37.0,4.0,0.1081081081081081,520.4333333333333,14.065765765765764,221.0,5.972972972972973,38.0,0.9736842105263158,0.4457768025770299,520.4333333333333,0.6974230799038983,16.344776506392762,,,,0,-4.0,1.0,0.0,0.4444936501566126,8.496974098281289,0,TEL,C,0.8341340824933388,0.7376100389113041,0.0,0.42464612822647796,True,0.9736842105263158,13289,13289,0.6,0.4880553272255295,-0.11194467277447046,-0.20650088032736047,TEL,False
2025,13284,"WAINRIGHT, ISH",31,False,38.0,32.0,0.8421052631578947,883.4166666666666,23.24780701754386,175.0,4.605263157894737,38.0,1.0,0.4175619355958802,883.4166666666666,0.6974230799038983,16.344776506392762,,,,0,4.0,1.0,0.0,0.4444936501566126,8.496974098281289,0,HTA,F,0.8341340824933388,0.7169308565688252,0.0,0.1980945193849637,True,1.0,13284,13284,0.75,0.4880553272255295,-0.2619446727744705,-0.4296444316415703,HTA,False
2025,14123,"DOWTIN JR, JEFFREY",28,False,19.0,2.0,0.1052631578947368,325.8,17.147368421052633,132.0,6.947368421052632,38.0,0.5,0.4281425107138114,325.8,0.6974230799038983,16.344776506392762,,,,0,1.0,1.0,0.0,0.4444936501566126,8.496974098281289,0,TEL,G,0.8341340824933388,0.724800257222809,0.0,0.4051565377532228,True,0.5,14123,14123,0.825,0.4880553272255295,-0.33694467277447043,-0.5249546114458951,TEL,False
2025,11823,"ODIASE, TAI",30,False,25.0,0.0,0.0,314.9833333333333,12.599333333333332,115.0,4.6,38.0,0.6578947368421053,0.42108879396852394,314.9833333333333,0.6974230799038983,16.344776506392762,,,,0,3.0,1.0,0.0,0.4444936501566126,8.496974098281289,0,HTA,C,0.8341340824933388,0.7195690814476577,0.0,0.36509868246997196,True,0.6578947368421053,11823,11823,0.8,0.4880553272255295,-0.3119446727744705,-0.4941829527791415,HTA,False
2025,14120,"LAVI, GUR",24,False,15.0,2.0,0.1333333333333333,168.8,11.253333333333334,50.0,3.333333333333333,38.0,0.39473684210526316,0.4422499442043861,168.8,0.6974230799038983,16.344776506392762,,,,0,-3.0,1.0,0.0,0.4444936501566126,8.496974098281289,0,TEL,F,0.8341340824933388,0.7350790519613372,0.0,0.29620853080568715,True,0.39473684210526316,14120,14120,0.5,0.4880553272255295,-0.011944672774470477,-0.024179323533405905,TEL,False
2025,10550,"GINAT, TOMER",31,False,14.0,0.0,0.0,137.25,9.803571428571429,43.0,3.071428571428572,38.0,0.3684210526315789,0.4175619355958802,137.25,0.6974230799038983,16.344776506392762,,,,0,4.0,1.0,0.0,0.4444936501566126,8.496974098281289,0,HTA,F,0.8341340824933388,0.7169308565688252,0.0,0.31329690346083794,True,0.3684210526315789,10550,10550,0.75,0.4880553272255295,-0.2619446727744705,-0.4296444316415703,HTA,False
2025,4846,"TIMOR, BAR",33,False,8.0,2.0,0.25,56.03333333333333,7.004166666666666,18.0,2.25,38.0,0.21052631578947367,0.41050821885059274,56.03333333333333,0.6974230799038983,16.344776506392762,,,,0,6.0,1.0,0.0,0.4444936501566126,8.496974098281289,0,HTA,G,0.8341340824933388,0.7116096130729931,0.0,0.3212373587150506,True,0.21052631578947367,4846,4846,0.4,0.4880553272255295,0.0880553272255295,0.1989642277808038,HTA,False
2025,14121,"OMORUYI, CLIFFORD",24,False,3.0,0.0,0.0,16.1,5.366666666666667,3.0,1.0,38.0,0.07894736842105263,0.4422499442043861,16.1,0.6974230799038983,16.344776506392762,,,,0,-3.0,1.0,0.0,0.4444936501566126,8.496974098281289,0,TEL,C,0.8341340824933388,0.7350790519613372,0.0,0.18633540372670807,True,0.07894736842105263,14121,14121,0.15,0.4880553272255295,0.33805532722552956,1.17979348079253,TEL,False
2025,13283,"PALATIN, GUY",25,False,9.0,0.0,0.0,21.35,2.3722222222222222,2.0,0.2222222222222222,38.0,0.23684210526315788,0.43872308583174247,21.35,0.6974230799038983,16.344776506392762,,,,0,-2.0,1.0,0.0,0.4444936501566126,8.496974098281289,0,HTA,G,0.8341340824933388,0.7325325040892233,0.0,0.09367681498829039,True,0.23684210526315788,13283,13283,0.35,0.4880553272255295,0.13805532722552954,0.33249562040532665,HTA,False
