a,b,ratio,sd_q,sd_lb,b_budget,drop_DUB,drop_HTA,sd_qz
ASV,BAR,0.8771214094729326,8.581513162073337,0.3858433500282219,0.2848891738967032,0,0,-1.7968114279974612
ASV,BAS,0.9091669970755452,8.641405251654044,0.3696765265717974,0.22768086205586918,0,0,-1.693452083222657
ASV,DUB,0.8768061657065386,8.512922877589842,0.3791938931553472,0.3288566501057083,1,0,-1.9151817655789904
ASV,HTA,0.8856928007742092,8.616090879267265,0.3746863462976902,0.2829073867898213,0,1,-1.7371386027881008
ASV,IST,0.7471167910288056,7.839953003195725,0.38435435732467027,0.41024814627916173,0,0,-3.0765659443164277
ASV,MAD,0.886521261937328,8.083745794152156,0.3798709605145814,0.3080119934936325,0,0,-2.655838210312058
ASV,MCO,0.8699731867718452,8.59231446344014,0.3866898368668653,0.3050018527974489,0,0,-1.7781709791534868
ASV,MIL,0.8651319936491424,8.610832485841836,0.3866898368668653,0.3107080360650665,0,0,-1.7462133253904581
ASV,MUN,0.8974939501413522,8.06649829950063,0.3737684557210939,0.32302917760262667,0,0,-2.685603238693418
ASV,OLY,0.9253730735837375,7.353289091838379,0.3657808590779423,0.3191587454091256,0,0,-3.9164308305741673
ASV,PAM,0.7982416269503199,8.550724478862943,0.3771035187687986,0.4025389711450989,0,0,-1.8499452916743513
ASV,PAN,0.8757843295799225,8.637659721399658,0.3466054024605737,0.29336056666055804,0,0,-1.6999159677796636
ASV,PAR,0.8477331997248558,8.167480491797955,0.38635513325545134,0.31166247473178915,0,0,-2.511332257285933
ASV,PRS,0.901983964258265,8.654573700959867,0.364678984320805,0.21961946789769482,0,0,-1.6707265062478214
ASV,RED,0.8750099143499234,8.63958534960366,0.38340496746118297,0.29999367239035735,0,0,-1.6965927965422103
ASV,TEL,0.8742412605693151,8.658772255519661,0.37552263943613456,0.2918857367706185,0,0,-1.6634808106753398
ASV,ULK,0.905086945062384,8.429696570216542,0.38340496746118297,0.22453026966731374,0,0,-2.058810359243917
ASV,VIR,0.9036502510741051,8.591853369191442,0.364678984320805,0.24854022804021583,0,0,-1.7789667169505554
ASV,ZAL,0.8059906542408203,8.537192784906438,0.37182554108335314,0.3672361175698073,0,0,-1.8732977415693053
BAR,BAS,0.8470143990702808,10.148321493209782,0.4389447498768205,0.2473952037477366,0,0,0.9071229918517807
BAR,DUB,0.8089193059745797,9.988252390220433,0.44080968287259964,0.3199259154570696,1,0,0.6308822108154937
BAR,HTA,0.8251440620810023,10.093237878836781,0.43628872538323954,0.28187809363887073,0,1,0.8120619190243047
BAR,IST,0.6953045922535132,9.552796325866103,0.44631627834737336,0.3991239770299301,0,0,-0.12061024511606908
BAR,MAD,0.8156806506387491,9.587641695297645,0.44150442480241703,0.30460796360161374,0,0,-0.060475516505091274
BAR,MCO,0.8083887824341334,10.068001331512784,0.449397148131578,0.30354947447332276,0,0,0.7685097068031609
BAR,MIL,0.8028832581278224,10.130634161240044,0.449397148131578,0.30854968195880095,0,0,0.8765989100238624
BAR,MUN,0.819873105346757,9.726730413981997,0.44193234009413374,0.3058782945145458,0,0,0.17955816623041163
BAR,OLY,0.8289225521444671,8.94152022429861,0.42766552444037825,0.31033036452067714,0,0,-1.1755258070347057
BAR,PAM,0.7290168886529106,10.025647542255825,0.44431989647395587,0.3969425103625903,0,0,0.6954172510719189
BAR,PAN,0.8112983200444434,10.117526244497027,0.40977418173774244,0.29164420283739156,0,0,0.8539777976965779
BAR,PAR,0.7942671956681929,9.804066579904674,0.44882856810757427,0.3013111271316948,0,0,0.3130217921136267
BAR,PRS,0.8464635259322415,10.139440124561094,0.43524456823692464,0.23625059462329578,0,0,0.8917958852061727
BAR,RED,0.8139171326170653,10.119815574324129,0.4452508982014917,0.2974373153838575,0,0,0.8579286304786569
BAR,TEL,0.8098046181963935,10.152948975471858,0.44319504721739295,0.29623041390382077,0,0,0.9151089134970883
BAR,ULK,0.8775747553640137,10.002368108576754,0.4452508982014917,0.1987062128119709,0,0,0.6552425463881726
BAR,VIR,0.8342786279916875,10.118330398237083,0.43524456823692464,0.2663373574274148,0,0,0.8553655736825598
BAR,ZAL,0.741124176800007,10.012169028885817,0.44051997450459474,0.36709351513207955,0,0,0.6721565780812854
BAS,DUB,0.8329552749128112,10.016980995929384,0.43232540268261715,0.28774285348797396,1,0,0.6804608760976508
BAS,HTA,0.8473876027873632,10.123907572736638,0.4280574248507838,0.2523037865049631,0,1,0.8649904357637526
BAS,IST,0.725732450749947,9.600120608390192,0.43738066356091465,0.3724458646291618,0,0,-0.038939913226308936
BAS,MAD,0.8395288066582218,9.612595326742706,0.4329746288965395,0.2712164095233953,0,0,-0.017411549060142497
BAS,MCO,0.8327763985868415,10.098091987423933,0.4399610333125955,0.2705887876857452,0,0,0.8204389432114081
BAS,MIL,0.8281675717639572,10.166727639129036,0.4399610333125955,0.27667383925133404,0,0,0.9388875737082866
BAS,MUN,0.8418692879070229,9.771511465324373,0.43043220767794965,0.27598459366454875,0,0,0.25683949265395756
BAS,OLY,0.8507586702791139,8.963113431953236,0.4197922975306669,0.2775464289004203,0,0,-1.1382611229939055
BAS,PAM,0.7550652503355731,10.054952577154467,0.433114969827843,0.3630240714091853,0,0,0.7459906945254938
BAS,PAN,0.8345380228751924,10.14890002021686,0.4024008356729263,0.26322427079507094,0,0,0.9081213903515629
BAS,PAR,0.8184487433800838,9.847626212073274,0.4395284605472015,0.2738775000418139,0,0,0.3881952427495574
BAS,PRS,0.8839514527830304,10.171735583904397,0.4230464262422464,0.18251122908390494,0,0,0.9475300821643026
BAS,RED,0.8373276811784323,10.151267766402853,0.43642435879171454,0.266526028177643,0,0,0.9122075509128412
BAS,TEL,0.8387789608127804,10.186515693210403,0.43184633338508377,0.25622269022568517,0,0,0.9730369967545872
BAS,ULK,0.8950053110242152,10.04226003110393,0.43642435879171454,0.17456192608712764,0,0,0.7240864121320806
BAS,VIR,0.8673247036046472,10.154973780903441,0.4230464262422464,0.21895010197274092,0,0,0.9186032407808759
BAS,ZAL,0.7711693392320874,10.041256299942425,0.4288600715650952,0.3280523478444757,0,0,0.7223542135076954
DUB,HTA,0.8107979801045894,9.940371573217291,0.42836893653866476,0.3274280839611888,1,1,0.5482514342409317
DUB,IST,0.6794005034843648,9.460904020421093,0.43888519616923055,0.44479191374186106,1,0,-0.27919426759943106
DUB,MAD,0.8074021710063898,9.392180043079643,0.4338169871325898,0.345552507499311,1,0,-0.39779532690558406
DUB,MCO,0.7969471217806318,9.911677960084965,0.4422114335154013,0.342942876062531,1,0,0.49873315773160315
DUB,MIL,0.7902199910218193,10.004211559844459,0.4422114335154013,0.3500650888851212,1,0,0.6584238999941028
DUB,MUN,0.8086047156155729,9.62857016043937,0.43527426769928024,0.34659820961542637,1,0,0.010157172541207422
DUB,OLY,0.8259833996233216,8.707243770778263,0.4194009051660353,0.35461961196507097,1,0,-1.5798306309530274
DUB,PAM,0.7196811855580445,9.864382370847563,0.43761896910738174,0.43083861909080445,1,0,0.41711234355498633
DUB,PAN,0.7931098350503566,9.968668812730222,0.40084673031481477,0.3450161032098877,1,0,0.5970856651964397
DUB,PAR,0.7765497741686554,9.702634288776013,0.44158267492987424,0.346961334716896,1,0,0.13797404835544477
DUB,PRS,0.8308499386841348,9.995534161881938,0.42865872553090995,0.27582271419079135,1,0,0.6434487977053819
DUB,RED,0.8014006506096996,9.971392095680505,0.4377566840616022,0.339651636989467,1,0,0.6017853967193877
DUB,TEL,0.7978569008784312,10.015377815587382,0.43651600757165065,0.3338060950783174,1,0,0.6776941723331765
DUB,ULK,0.8523126840151759,9.88987821466138,0.4377566840616022,0.2526255455763319,1,0,0.461112039166303
DUB,VIR,0.8214256655470851,9.994114736476039,0.42865872553090995,0.3055231205420687,1,0,0.6409992107743272
DUB,ZAL,0.7304791665639,9.849479346570517,0.4338818412560619,0.40113204713622447,1,0,0.3913933072812089
HTA,IST,0.6924436370437143,9.561711767261983,0.43430585061171856,0.408287093905692,0,1,-0.1052243371020473
HTA,MAD,0.8185191543875286,9.52074052978312,0.4291127213540399,0.31048294266034226,0,1,-0.17593084091707287
HTA,MCO,0.8096517473058505,10.025929113973087,0.4377456405934306,0.3088415510088748,0,1,0.6959031761482851
HTA,MIL,0.8034531747166747,10.109939339923677,0.4377456405934306,0.314725061394613,0,1,0.8408846247740728
HTA,MUN,0.8204773884667845,9.72969529796276,0.4310012580582129,0.31221383647947504,0,1,0.18467484303581852
HTA,OLY,0.8349397516224045,8.852049511731197,0.41440105685299816,0.3167772610718929,0,1,-1.329930742515228
HTA,PAM,0.7289462091378135,9.980280499716436,0.43333687297814427,0.4025359639801324,0,1,0.6171246447516264
HTA,PAN,0.8123992968058389,10.080543168962572,0.395492257710567,0.29831524492942646,0,1,0.7901539023915514
HTA,PAR,0.7923799018813698,9.804046131432502,0.43708973487771113,0.3095192400713037,0,1,0.3129865029677615
HTA,PRS,0.8457222339826611,10.105913876583267,0.42439074737368343,0.24184473345511262,0,1,0.8339376430241857
HTA,RED,0.8152258641586639,10.083132735150581,0.4331470704001107,0.3030984720001725,0,1,0.7946228709367699
HTA,TEL,0.8102631443559054,10.123951418148462,0.43223891088776484,0.30137444813588843,0,1,0.8650661024013541
HTA,ULK,0.8745592510286889,9.992783660049348,0.4331470704001107,0.20764138369615498,0,1,0.6387020929367103
HTA,VIR,0.835202271213167,10.099336197382286,0.4243907473736834,0.2705854357105189,0,1,0.8225861504128588
HTA,ZAL,0.740269377874527,9.965862319322305,0.4296119087171017,0.3729405706709752,0,1,0.5922423324326662
IST,MAD,0.683198073084621,9.05916452710093,0.4395895976101218,0.42699005340338114,0,0,-0.9725000295194506
IST,MCO,0.6756714223442388,9.537988430131625,0.44763452001412024,0.42693847305634464,0,0,-0.14616511240028374
IST,MIL,0.6598122553704732,9.57649788345536,0.44763452001412024,0.44140458041857883,0,0,-0.07970705606859452
IST,MUN,0.696533270834327,9.115798073376217,0.44035148920910056,0.42061087612524795,0,0,-0.8747641469301589
IST,OLY,0.6983555017311803,8.395556243953136,0.42558341676564515,0.42978524385612726,0,0,-2.1177283528836055
IST,PAM,0.5515824783904051,9.497333515473144,0.44272181397954785,0.5496216670683446,0,0,-0.21632571909131734
IST,PAN,0.6533409689694677,9.583885101504682,0.40750537138891707,0.4384622830359878,0,0,-0.06695849406930657
IST,PAR,0.6218683456548644,9.202187571932884,0.4470471430111446,0.4530856922192967,0,0,-0.7256766459137087
IST,PRS,0.7246338286817523,9.602610587005591,0.43369662010962023,0.3582986646080271,0,0,-0.03464280888427188
IST,RED,0.6811709668231478,9.58592114586408,0.4433936430869997,0.4222526682935996,0,0,-0.06344477109865845
IST,TEL,0.6787486538480259,9.61101845489549,0.44160563091901606,0.41878961159596834,0,0,-0.02013285068884126
IST,ULK,0.7705735654639037,9.425767717878095,0.4433936430869997,0.3112255218364882,0,0,-0.33983107680208513
IST,VIR,0.7088808384377137,9.56122068421268,0.4336966201096202,0.38978560249227506,0,0,-0.10607182835775897
IST,ZAL,0.5659002886668387,9.484248931163577,0.4389475729693733,0.5168979076772667,0,0,-0.2389065652490575
MAD,MCO,0.800906721127333,9.489008710494176,0.4428969549031082,0.32972311353871125,0,0,-0.2306923306760536
MAD,MIL,0.7965801449186823,9.602250515647624,0.4428969549031082,0.33410717370371934,0,0,-0.03526420546422449
MAD,MUN,0.8142813558173206,9.22956115781701,0.43592501253608307,0.33254395676601556,0,0,-0.6784364190168414
MAD,OLY,0.8311941616037631,8.188867746455887,0.4201733525884517,0.3393452876962932,0,0,-2.474422998593314
MAD,PAM,0.714400899003169,9.437130382326242,0.43827179335151023,0.4254021560841867,0,0,-0.32022185026685507
MAD,PAN,0.8059961631721362,9.552376403312218,0.4016755327053201,0.322114742759808,0,0,-0.12133493046816732
MAD,PAR,0.7834233754664298,9.304466596239005,0.44227274740453326,0.3301637038633643,0,0,-0.5491676442993728
MAD,PRS,0.8369044087120854,9.583072630363459,0.42930713129423176,0.2600668789907824,0,0,-0.06836062388967541
MAD,RED,0.8077281799328965,9.55544868393241,0.43846606196033805,0.32407943585431254,0,0,-0.11603291288804245
MAD,TEL,0.8018740524720225,9.60730280249753,0.43716772911995316,0.3203806880170833,0,0,-0.026545173250178678
MAD,ULK,0.8611837953380025,9.492029713388616,0.43846606196033805,0.23595402945767505,0,0,-0.22547880612017043
MAD,VIR,0.8272773445021304,9.593089612380258,0.42930713129423176,0.2899051198133098,0,0,-0.051073721643893046
MAD,ZAL,0.7267192189146098,9.420856558734542,0.4345317490496099,0.3936439433035336,0,0,-0.3483065565309804
MCO,MIL,0.7882770297503243,10.084478668133045,0.45063957451698117,0.3329625177432358,0,0,0.7969456276171951
MCO,MUN,0.8054836325468848,9.705780878873732,0.44297086277872355,0.33117518095205345,0,0,0.14340430622509026
MCO,OLY,0.8164187924113222,8.816068974442853,0.42921432977937646,0.3354504400062333,0,0,-1.3920244978809888
MCO,PAM,0.7062472271330786,9.95194447315413,0.4453802231689796,0.4258405368382151,0,0,0.5682234766757539
MCO,PAN,0.7958436048422572,10.053317476660139,0.4114912863234027,0.3198544518988628,0,0,0.7431689042537262
MCO,PAR,0.7760768251773761,9.78000583706755,0.45009014295333694,0.3295778560514927,0,0,0.2714987356991567
MCO,PRS,0.830267861696439,10.079107438033414,0.43623813895358304,0.26051250238887075,0,0,0.7876761760482299
MCO,RED,0.7990079508049491,10.055944372031826,0.4465878206138736,0.3227025275454917,0,0,0.7477022939936798
MCO,TEL,0.7939033414460118,10.097658553296402,0.4442445239408575,0.32032243062361154,0,0,0.8196909401322315
MCO,ULK,0.8561101817919805,9.968204694664447,0.4465878206138736,0.23467990850943002,0,0,0.5962847090182117
MCO,VIR,0.8198315313647905,10.074027972414115,0.43623813895358304,0.28945969574057506,0,0,0.7789102398137042
MCO,ZAL,0.7185623788063318,9.937393916063549,0.4415474343564489,0.3950399073740518,0,0,0.5431127140104394
MIL,MUN,0.8009785153217277,9.749318624241324,0.44297086277872355,0.3350923990065298,0,0,0.21853998550545065
MIL,OLY,0.8116583339865183,8.95509149072101,0.42921432977937646,0.3399439433337792,0,0,-1.1521050645793387
MIL,PAM,0.7064206362910049,10.04182436874395,0.4453802231689796,0.42529175820778536,0,0,0.723334563659503
MIL,PAN,0.7859472836047193,10.134503005095382,0.4114912863234027,0.3292994180194464,0,0,0.8832756042037329
MIL,PAR,0.7675317988274967,9.826123971980408,0.45009014295333694,0.3375933968752572,0,0,0.3510875468460049
MIL,PRS,0.826673923095398,10.156781499579102,0.43623813895358304,0.26539598920970114,0,0,0.9217229285253097
MIL,RED,0.7932802749830975,10.136823174892989,0.4465878206138736,0.3283308874124394,0,0,0.8872796593590255
MIL,TEL,0.7903980021820456,10.170800335125014,0.4442445239408575,0.32424395447410453,0,0,0.9459160676639702
MIL,ULK,0.851776762319115,10.022849668690018,0.4465878206138736,0.23819544050121383,0,0,0.6905887940828718
MIL,VIR,0.8156163452583336,10.137444408988635,0.43623813895358304,0.2946739371391872,0,0,0.8883517600241939
MIL,ZAL,0.7183694353801445,10.028263334887784,0.4415474343564489,0.3955244638684271,0,0,0.6999314801529011
MUN,OLY,0.8309253848340099,8.574387631556212,0.4227410218712467,0.3401980143941247,0,0,-1.8091083802423904
MUN,PAM,0.728662917794792,9.664994602075527,0.4363380738387126,0.42314845259380285,0,0,0.0730170000686489
MUN,PAN,0.8060650996242431,9.75220027388433,0.40539119332411294,0.3235514722668209,0,0,0.22351301985868244
MUN,PAR,0.790621213852977,9.38770513254691,0.4425264201136799,0.3287800947572929,0,0,-0.4055179464339239
MUN,PRS,0.838922567568848,9.77151142553368,0.4264209386562572,0.26571871056755847,0,0,0.25683942398478893
MUN,RED,0.8108687198321193,9.754279653965861,0.43938856872553833,0.32549637315339935,0,0,0.2271015298650864
MUN,TEL,0.8068321938518285,9.780981111071291,0.435090284988808,0.32391749044367796,0,0,0.27318182411213876
MUN,ULK,0.8640268551874328,9.604379450594111,0.43938856872553833,0.23714429238659523,0,0,-0.03159017567702554
MUN,VIR,0.8308046935321709,9.734778347907458,0.4264209386562572,0.29498022807009255,0,0,0.19344696495408337
MUN,ZAL,0.7389688789593506,9.65190140620931,0.4321504615825998,0.39333308101009223,0,0,0.05042129243489302
OLY,PAM,0.7306402983384123,8.75763628414647,0.4250724805323422,0.42965514027153334,0,0,-1.4928652704228236
OLY,PAN,0.8246886991923842,8.888244894786668,0.3853744021371501,0.3292216294924491,0,0,-1.2674662150178992
OLY,PAR,0.7970587295058658,8.652536426314725,0.42851347105866916,0.33481860988342194,0,0,-1.6742423523958243
OLY,PRS,0.8469720840812061,8.923993729044856,0.41610953814372037,0.2656164670432515,0,0,-1.2057723233661437
OLY,RED,0.8236172328770627,8.891786147924988,0.4243725791321751,0.3303240527757083,0,0,-1.2613548636421021
OLY,TEL,0.815830947457061,8.953677361979587,0.4239776163169737,0.32571150731704956,0,0,-1.1545455107411606
OLY,ULK,0.8696755051435051,8.846101925862895,0.4243725791321751,0.24253539840121158,0,0,-1.340194845548588
OLY,VIR,0.8402946443622022,8.946677698072103,0.41610953814372037,0.29579876107999087,0,0,-1.166625247484132
OLY,ZAL,0.7417292344874475,8.739372533173276,0.4213504771909674,0.3969840381967661,0,0,-1.5243841128431692
PAM,PAN,0.7089813233111362,10.00817754011903,0.40774204066651715,0.41744757553872563,0,0,0.6652682282758393
PAM,PAR,0.6868924058034959,9.739102311165938,0.4449242517873327,0.4274895414390063,0,0,0.2009090857843245
PAM,PRS,0.7455383397163733,10.034571619176907,0.4291537395479657,0.35745514068145134,0,0,0.7108180619259128
PAM,RED,0.7179020380485965,10.010858476674624,0.4417517523974986,0.4151289430791674,0,0,0.6698948801043014
PAM,TEL,0.7057456048641945,10.053852961889305,0.4377103686679189,0.4188594176746897,0,0,0.7440930229947935
PAM,ULK,0.7844547738081463,9.926693874783567,0.4417517523974986,0.32817338470137153,0,0,0.524647015726996
PAM,VIR,0.738332465184623,10.031578639021312,0.4291537395479657,0.38421228631902665,0,0,0.705652897878841
PAM,ZAL,0.5909066690966306,9.890432356427375,0.4348108433529872,0.5257078586935536,0,0,0.4620683546037277
PAN,PAR,0.7720771450525993,9.826745737436795,0.4107087620715413,0.3248178870853675,0,0,0.3521605645120384
PAN,PRS,0.8327168062567732,10.132070778670105,0.39864895775907633,0.2524343177375891,0,0,0.8790781662545714
PAN,RED,0.8000368017371111,10.109729314211293,0.4061950564151779,0.3156012190077588,0,0,0.8405221708979453
PAN,TEL,0.7951530329173828,10.14950976431971,0.4066399910525836,0.3135910428852221,0,0,0.9091736620520834
PAN,ULK,0.8674110741973655,10.016234220163835,0.4061950564151779,0.20932772372246572,0,0,0.6791721206983783
PAN,VIR,0.8213858827431653,10.123713043832625,0.39864895775907633,0.2819404728908686,0,0,0.864654725652463
PAN,ZAL,0.7195512573527107,9.99390774850669,0.40398290411851145,0.3887871978322056,0,0,0.6406419993122127
PAR,PRS,0.8188146873991994,9.846375113047873,0.43581782345061887,0.26098625407566134,0,0,0.38603614667494807
PAR,RED,0.7811676908757612,9.828849473626146,0.4459911528854167,0.32444055449521275,0,0,0.35579110730379354
PAR,TEL,0.7785978814772467,9.856390050210239,0.44379427687449396,0.3216647935439113,0,0,0.4033195199936907
PAR,ULK,0.8545398749816567,9.683907241734712,0.4459911528854167,0.21934007701073377,0,0,0.10565566832718624
PAR,VIR,0.8045283762902781,9.811935589923106,0.43581782345061887,0.29248662849459095,0,0,0.3266018111983754
PAR,ZAL,0.7002679760688746,9.725988249679835,0.4411088812831107,0.39701543434508785,0,0,0.1782773691080582
PRS,RED,0.8354243269836916,10.134565614958651,0.43274626205961003,0.2559695001741532,0,0,0.8833836537723692
PRS,TEL,0.8366682311118856,10.173064099239134,0.427861009824523,0.2459547362351142,0,0,0.9498227801730557
PRS,ULK,0.8988753763439931,10.03699306364598,0.43274626205961003,0.16003225829493048,0,0,0.7149968928113289
PRS,VIR,0.8670304469994972,10.145744769770802,0.418908749013245,0.207164386276586,0,0,0.9026761868031792
PRS,ZAL,0.7637437218554206,10.020476957822261,0.4248208211594355,0.3212741518203863,0,0,0.6864940656746912
RED,TEL,0.8002091119113844,10.15193960623779,0.440639198213474,0.31458253198962965,0,0,0.9133669849152074
RED,ULK,0.8616060317661146,10.018427777522708,0.4422995543655141,0.22709520590715207,0,0,0.6829576732300465
RED,VIR,0.825049852459673,10.126012313431385,0.43274626205961003,0.28467750827955157,0,0,0.868622712090275
RED,ZAL,0.7294581499653116,9.996604403071627,0.4379880339409683,0.3855294059991109,0,0,0.6452957766451999
TEL,ULK,0.857835628762586,10.048811183070084,0.440639198213474,0.22780139405672967,0,0,0.7353921251149167
TEL,VIR,0.8245047004842936,10.159419542103075,0.42786100982452296,0.2769893648367147,0,0,0.9262755555696288
TEL,ZAL,0.7192582892417836,10.039967979395213,0.4335529963683092,0.38699334853764855,0,0,0.7201308820368445
ULK,VIR,0.8810765074075646,10.009708512183895,0.43274626205961,0.19652334947586353,0,0,0.6679103179174058
ULK,ZAL,0.7987726969171788,9.913438327142899,0.4379880339409683,0.29575588053435997,0,0,0.5017711279701595
VIR,ZAL,0.7529108956681978,10.018074012799122,0.4248208211594355,0.35083490632759673,0,0,0.6823471603845223
