club,season,player,salary,basis,source,yr,last,usage
Hapoel Tel Aviv,2025-2026,Vasilije Micić / ואסילייה מיציץ',6000000.0,Net,sport /basketnews/israel hayom,2025,MICIC,test
Panathinaikos,2025-2026,Kendrick Nunn / קנדריק נאן,4700000.0,Net,basketnews/eurohoops,2025,NUNN,calibrate
Olympiacos,2025-2026,Sasha Vezenkov / סשה וזנקוב,3900000.0,Net,basketnews/eurohoops,2025,VEZENKOV,test
Anadolu Efes,2025-2026,Shane Larkin / שיין לארקין,3750000.0,Net,basketnews/eurohoops,2025,LARKIN,calibrate
Dubai BC,2025-2026,Džanan Musa / דז'נאן מוסא,3500000.0,Net,basketnews/eurohoops,2025,MUSA,calibrate
Hapoel Tel Aviv,2025-2026,Elijah Bryant / אלייז'ה בראיינט,2800000.0,Net,sport /basketnews/israel hayom,2025,BRYANT,test
Maccabi Tel Aviv,2026-2027,Daniel Theis / דניאל תייס,2200000.0,Net,sport /basketnews/israel hayom,2026,THEIS,structure_only
Hapoel Tel Aviv,2025-2026,Dan Oturu / דן אוטורו,2200000.0,Net,sport /basketnews/israel hayom,2025,OTURU,test
Maccabi Tel Aviv,2025-2026,Yam Madar / ים מדר,2000000.0,Net,sport /basketnews/israel hayom,2025,MADAR,calibrate
Maccabi Tel Aviv,2026-2027,Jaylen Hoard / ג'יילן הורד,1800000.0,Net,sport /basketnews/israel hayom,2026,HOARD,structure_only
Maccabi Tel Aviv,2026-2027,Iffe Lundberg / איפה לונדברג,1800000.0,Net,sport /basketnews/israel hayom,2026,LUNDBERG,structure_only
Maccabi Tel Aviv,2025-2026,Lonnie Walker IV / לוני ווקר,2200000.0,Net,sport /basketnews/israel hayom,2025,IV,calibrate
Hapoel Tel Aviv,2025-2026,Johnathan Motley / ג'ונתן מוטלי,1500000.0,Net,sport /basketnews/israel hayom,2025,MOTLEY,test
Maccabi Tel Aviv,2026-2027,Bonzie Colson / בונזי קולסון,1500000.0,Net,sport /basketnews/israel hayom,2026,COLSON,structure_only
Maccabi Tel Aviv,2026-2027,Oshae Brissett / אושיי בריסט,1500000.0,Net,sport /basketnews/israel hayom,2026,BRISSETT,structure_only
Hapoel Tel Aviv,2025-2026,Antonio Blakeney / אנטוניו בלייקני,1400000.0,Net,sport /basketnews/israel hayom,2025,BLAKENEY,test
Hapoel Tel Aviv,2024-2025,Yam Madar / ים מדר (חוזה קודם),1200000.0,Net,sport /basketnews/israel hayom,2024,MADAR,test
Hapoel Tel Aviv,2025-2026,Bruno Caboclo / ברונו קבוקלו,1200000.0,Net,sport /basketnews/israel hayom,2025,CABOCLO,test
Hapoel Tel Aviv,2025-2026,Chris Jones / כריס ג'ונס,1100000.0,Net,sport /basketnews/israel hayom,2025,JONES,test
Hapoel Tel Aviv,2025-2026,Collin Malcolm / קולין מלקולם,1100000.0,Net,sport /basketnews/israel hayom,2025,MALCOLM,test
Hapoel Tel Aviv,2025-2026,Tai Odiase / טיי אודיאסה,800000.0,Net,sport /basketnews/israel hayom,2025,ODIASE,test
Hapoel Tel Aviv,2025-2026,Ish Wainwright / איש ויינרייט,750000.0,Net,sport /basketnews/israel hayom,2025,WAINWRIGHT,test
Hapoel Tel Aviv,2025-2026,Tyler Ennis / טיילר אניס,600000.0,Net,sport /basketnews/israel hayom,2025,ENNIS,test
Hapoel Tel Aviv,2025-2026,Tomer Ginat / תומר גינת,750000.0,Net,sport /basketnews/israel hayom,2025,GINAT,test
Hapoel Tel Aviv,2025-2026,Bar Timor / בר טימור,400000.0,Net,sport /basketnews/israel hayom,2025,TIMOR,test
Real Madrid,2025-2026,Edy Tavares / אדי טבארס,2850000.0,Net,basketnews/eurohoops,2025,TAVARES,calibrate
Barcelona,2025-2026,Kevin Punter / קווין פאנטר,2800000.0,Net,basketnews/eurohoops,2025,PUNTER,calibrate
Barcelona,2025-2026,Willy Hernangómez / ווילי הרננגומס,2700000.0,Net,basketnews/eurohoops,2025,HERNANGOMEZ,calibrate
Real Madrid,2025-2026,Mario Hezonja / מריו חזוניה,2600000.0,Net,basketnews/eurohoops,2025,HEZONJA,calibrate
Real Madrid,2025-2026,Facundo Campazzo / פאקונדו קמפאסו,2400000.0,Net,basketnews/eurohoops,2025,CAMPAZZO,calibrate
Barcelona,2025-2026,Tomáš Satoranský / תומאש סטורנסקי,1850000.0,Net,basketnews/eurohoops,2025,SATORANSKY,calibrate
Barcelona,2025-2026,Jan Veselý / יאן וסלי,1750000.0,Net,basketnews/eurohoops,2025,VESELY,calibrate
Real Madrid,2025-2026,Ömer Yurtseven / עומר יורטסבן,1750000.0,Net,basketnews/eurohoops,2025,YURTSEVEN,calibrate
Real Madrid,2025-2026,Gabriel Deck / גבריאל דק,1650000.0,Net,basketnews/eurohoops,2025,DECK,calibrate
Barcelona,2025-2026,Nicolás Laprovíttola / ניקולאס לפרוויטולה,1500000.0,Net,basketnews/eurohoops,2025,LAPROVITTOLA,calibrate
Barcelona,2025-2026,Álex Abrines / אלכס אברינס,1400000.0,Net,basketnews/eurohoops,2025,ABRINES,calibrate
Real Madrid,2025-2026,Serge Ibaka / סרז' איבקה,1300000.0,Net,basketnews/eurohoops,2025,IBAKA,calibrate
Real Madrid,2025-2026,Théo Maledon / תאו מאלדון,1300000.0,Net,basketnews/eurohoops,2025,MALEDON,calibrate
Baskonia,2025-2026,Markus Howard / מרקוס הווארד,1200000.0,Net,basketnews/eurohoops,2025,HOWARD,test
Baskonia,2025-2026,Tadas Sedekerskis / טדאס סדקרסקיס,1100000.0,Net,basketnews/eurohoops,2025,SEDEKERSKIS,test
Real Madrid,2025-2026,Andrés Feliz / אנדרס פליז,1000000.0,Net,basketnews/eurohoops,2025,FELIZ,calibrate
Baskonia,2025-2026,Timothé Luwawu-Cabarrot / טימוטי לואוו-קברו,980000.0,Net,basketnews/eurohoops,2025,LUWAWUCABARROT,test
Olympiacos,2026-2027,Evan Fournier / אוון פורנייה,3200000.0,Net,basketnews/eurohoops,2026,FOURNIER,structure_only
Panathinaikos,2026-2027,Mathias Lessort / מתיאס לסור,3200000.0,Net,basketnews/eurohoops,2026,LESSORT,structure_only
Panathinaikos,2026-2027,Kostas Sloukas / קוסטאס סלוקאס,3100000.0,Net,basketnews/eurohoops,2026,SLOUKAS,structure_only
Olimpia Milano,2025-2026,Nikola Mirotić / ניקולה מירוטיץ',3000000.0,Net,basketnews/eurohoops,2025,MIROTIC,calibrate
AS Monaco,2025-2026,Mike James / מייק ג'יימס,3000000.0,Net,basketnews/eurohoops,2025,JAMES,calibrate
Fenerbahçe,2025-2026,Nigel Hayes-Davis / נייג'ל הייז-דייויס,2500000.0,Net,basketnews/eurohoops,2025,HAYESDAVIS,calibrate
Anadolu Efes,2025-2026,Darius Thompson / דריוס תומפסון,2500000.0,Net,basketnews/eurohoops,2025,THOMPSON,calibrate
Fenerbahçe,2025-2026,Wade Baldwin / ווייד בולדווין,2400000.0,Net,basketnews/eurohoops,2025,BALDWIN,calibrate
Panathinaikos,2024-2025,Lorenzo Brown / לורנזו בראון,2100000.0,Net,basketnews/eurohoops,2024,BROWN,calibrate
Panathinaikos,2024-2025,Juancho Hernangómez / חואנצ'ו הרננגומס,2250000.0,Net,basketnews/eurohoops,2024,HERNANGOMEZ,calibrate
Virtus Bologna,2024-2025,Tornike Shengelia / טורניקה שנגליה,2100000.0,Net,basketnews/eurohoops,2024,SHENGELIA,calibrate
Virtus Bologna,2024-2025,Marco Belinelli / מרקו בלינלי,1850000.0,Net,basketnews/eurohoops,2024,BELINELLI,calibrate
Olympiacos,2024-2025,Moustapha Fall / מוסטפא פאל,1700000.0,Net,basketnews/eurohoops,2024,FALL,test
Panathinaikos,2024-2025,Jerian Grant / ג'ריאן גרנט,1050000.0,Net,basketnews/eurohoops,2024,GRANT,calibrate
AS Monaco,2024-2025,Nick Calathes / ניק קלאת'ס,1500000.0,Net,basketnews/eurohoops,2024,CALATHES,calibrate
AS Monaco,2024-2025,Jordan Loyd / ג'ורדן לויד,1200000.0,Net,basketnews/eurohoops,2024,LOYD,calibrate
Bayern Munich,2024-2025,Shabazz Napier / שבאז נאפייר,1300000.0,Net,basketnews/eurohoops,2024,NAPIER,calibrate
Panathinaikos,2024-2025,Cedi Osman (אומורויי עותמאן),1500000.0,Net,basketnews/eurohoops,2024,OSMAN,calibrate
Olympiacos,2024-2025,Thomas Walkup / תומאס ווקאפ,1300000.0,Net,basketnews/eurohoops,2024,WALKUP,test
Crvena Zvezda,2024-2025,Rokas Giedraitis / רוקאס גיידראיטיס,1200000.0,Net,basketnews/eurohoops,2024,GIEDRAITIS,calibrate
Fenerbahçe,2024-2025,Nicolò Melli / ניקולו מלי,1300000.0,Net,basketnews/eurohoops,2024,MELLI,calibrate
Dubai BC,2024-2025,Cliff Alexander / קליף אלכסנדר,1200000.0,Net,basketnews/eurohoops,2024,ALEXANDER,calibrate
ASVEL,2024-2025,Nando De Colo  /ננדו דה קולו ,1100000.0,Net,basketnews/eurohoops,2024,COLO,calibrate
ASVEL,2024-2025, Paris Lee פאריס לי,650000.0,Net,basketnews/eurohoops,2024,LEE,calibrate
