season,team,sum_pir,pir_per_round,pir_z,wins,win_pct,win_pct_z,team_games,n_players,total_minutes,expected_minutes,minutes_coverage,is_covid_season
2016,MAD,3001.0,100.03333333333333,2.3235278037875444,23,0.7666666666666667,1.7405705383053482,30,13,6000.0,6000,1.0,0
2016,CSK,2914.0,97.13333333333334,1.9141163224113102,22,0.7333333333333333,1.5229992210171792,30,15,6049.266666666666,6000,1.0082111111111112,0
2016,OLY,2512.0,83.73333333333333,0.022352925707324937,19,0.6333333333333333,0.870285269152674,30,15,6025.0,6000,1.0041666666666667,0
2016,PAN,2417.0,80.56666666666666,-0.42470558843913975,19,0.6333333333333333,0.870285269152674,30,13,6006.65,6000,1.0011083333333333,0
2016,ULK,2507.0,83.56666666666666,-0.0011764697740685721,18,0.6,0.6527139518645055,30,16,6050.0,6000,1.0083333333333333,0
2016,BAS,2627.0,87.56666666666666,0.5635290217793596,17,0.5666666666666667,0.4351426345763372,30,16,6000.0,6000,1.0,0
2016,IST,2733.0,91.1,1.0623522059848876,17,0.5666666666666667,0.4351426345763372,30,14,6100.0,6000,1.0166666666666666,0
2016,DAR,2366.0,78.86666666666666,-0.6647054223493472,16,0.5333333333333333,0.21757131728816875,30,17,6025.0,6000,1.0041666666666667,0
2016,RED,2171.0,72.36666666666666,-1.5823518461236679,16,0.5333333333333333,0.21757131728816875,30,13,5888.85,6000,0.9814750000000001,0
2016,ZAL,2410.0,80.33333333333333,-0.4576467421130898,14,0.4666666666666667,-0.21757131728816803,30,13,6000.0,6000,1.0,0
2016,BAR,2321.0,77.36666666666666,-0.8764699816818827,12,0.4,-0.6527139518645049,30,19,6025.0,6000,1.0041666666666667,0
2016,GAL,2518.0,83.93333333333334,0.05058820028499675,11,0.36666666666666664,-0.8702852691526736,30,15,5848.966666666667,6000,0.9748277777777778,0
2016,BAM,2521.0,84.03333333333333,0.06470583757383165,10,0.3333333333333333,-1.087856586440842,30,15,6050.0,6000,1.0083333333333333,0
2016,TEL,2370.0,79.0,-0.6458819059642319,10,0.3333333333333333,-1.087856586440842,30,17,6025.0,6000,1.0041666666666667,0
2016,MIL,2329.0,77.63333333333334,-0.8388229489116522,8,0.26666666666666666,-1.5229992210171788,30,13,5819.233333333334,6000,0.9698722222222222,0
2016,UNK,2399.0,79.96666666666667,-0.5094114121721531,8,0.26666666666666666,-1.5229992210171788,30,16,6025.0,6000,1.0041666666666667,0
2017,CSK,2995.0,99.83333333333333,1.8024647341465012,24,0.8,1.9817347772274496,30,17,6025.0,6000,1.0041666666666667,0
2017,ULK,2756.0,91.86666666666666,0.7645750875004802,21,0.7,1.3211565181516327,30,15,6100.0,6000,1.0166666666666666,0
2017,MAD,3038.0,101.26666666666667,1.9891980178526893,19,0.6333333333333333,0.8807710121010885,30,16,6025.0,6000,1.0041666666666667,0
2017,OLY,2489.0,82.96666666666667,-0.3949083252798013,19,0.6333333333333333,0.8807710121010885,30,16,6125.0,6000,1.0208333333333333,0
2017,PAN,2399.0,79.96666666666667,-0.7857454307113572,19,0.6333333333333333,0.8807710121010885,30,16,6075.0,6000,1.0125,0
2017,ZAL,2620.0,87.33333333333333,0.17397679484835146,18,0.6,0.6605782590758166,30,15,6075.0,6000,1.0125,0
2017,BAS,2758.0,91.93333333333334,0.7732603565100716,16,0.5333333333333333,0.22019275302527241,30,17,6000.0,6000,1.0,0
2017,KHI,2449.0,81.63333333333334,-0.5686137054716033,16,0.5333333333333333,0.22019275302527241,30,14,6000.0,6000,1.0,0
2017,MAL,2553.0,85.1,-0.11697971697291808,13,0.43333333333333335,-0.4403855060505437,30,14,5973.85,6000,0.9956416666666668,0
2017,TEL,2627.0,87.56666666666666,0.20437523638191704,13,0.43333333333333335,-0.4403855060505437,30,13,6000.0,6000,1.0,0
2017,PAM,2572.0,85.73333333333333,-0.034469661381810957,12,0.4,-0.6605782590758158,30,16,6050.0,6000,1.0083333333333333,0
2017,BAM,2120.0,70.66666666666667,-1.9973404575491802,11,0.36666666666666664,-0.8807710121010882,30,15,5702.766666666666,6000,0.9504611111111111,0
2017,BAR,2679.0,89.3,0.4301922306312606,11,0.36666666666666664,-0.8807710121010882,30,17,6000.0,6000,1.0,0
2017,RED,2303.0,76.76666666666667,-1.2026383431716838,11,0.36666666666666664,-0.8807710121010882,30,17,6000.0,6000,1.0,0
2017,MIL,2545.0,84.83333333333333,-0.15172079301127847,10,0.3333333333333333,-1.1009637651263602,30,16,6100.0,6000,1.0166666666666666,0
2017,IST,2376.0,79.2,-0.8856260243216436,7,0.23333333333333334,-1.7615420242021764,30,19,6000.0,6000,1.0,0
2018,ULK,2868.0,95.6,1.0935516415991147,25,0.8333333333333334,1.7309692896316622,30,16,6075.0,6000,1.0125,0
2018,CSK,2824.0,94.13333333333334,0.932661285133959,24,0.8,1.557872360668496,30,16,6025.0,6000,1.0041666666666667,0
2018,MAD,2994.0,99.8,1.5542831169311557,22,0.7333333333333333,1.2116785027421633,30,16,6000.0,6000,1.0,0
2018,IST,2958.0,98.6,1.4226455525505723,20,0.6666666666666666,0.8654846448158309,30,13,6000.0,6000,1.0,0
2018,BAR,2593.0,86.43333333333334,0.08798691369188383,18,0.6,0.5192907868894985,30,13,6025.0,6000,1.0041666666666667,0
2018,PAN,2509.0,83.63333333333334,-0.21916740319614306,16,0.5333333333333333,0.17309692896316617,30,16,6025.0,6000,1.0041666666666667,0
2018,BAS,2681.0,89.36666666666666,0.4097676266221969,15,0.5,0.0,30,15,6025.0,6000,1.0041666666666667,0
2018,OLY,2573.0,85.76666666666667,0.014854933480448263,15,0.5,0.0,30,15,6025.0,6000,1.0041666666666667,0
2018,ZAL,2627.0,87.56666666666666,0.21231128005132258,15,0.5,0.0,30,17,6075.0,6000,1.0125,0
2018,MIL,2730.0,91.0,0.5889409781402135,14,0.4666666666666667,-0.17309692896316617,30,14,5850.116666666667,6000,0.9750194444444444,0
2018,MUN,2516.0,83.86666666666666,-0.19357121012214223,14,0.4666666666666667,-0.17309692896316617,30,14,6050.0,6000,1.0083333333333333,0
2018,TEL,2440.0,81.33333333333333,-0.4714727349255952,14,0.4666666666666667,-0.17309692896316617,30,15,6000.0,6000,1.0,0
2018,KHI,2370.0,79.0,-0.7274346656656173,9,0.3,-1.0385815737789974,30,16,6025.0,6000,1.0041666666666667,0
2018,CAN,2262.0,75.4,-1.122347358807366,8,0.26666666666666666,-1.2116785027421635,30,20,6025.0,6000,1.0041666666666667,0
2018,BUD,1955.0,65.16666666666667,-2.244923255052894,6,0.2,-1.5578723606684959,30,18,5684.283333333334,6000,0.9473805555555557,0
2018,DAR,2203.0,73.43333333333334,-1.3380867004310997,5,0.16666666666666666,-1.7309692896316622,30,15,6000.0,6000,1.0,0
2019,IST,2834.0,101.21428571428571,1.6953900299817137,24,0.8571428571428571,2.0652851724645425,28,16,5625.0,5600,1.0044642857142858,1
2019,BAR,2612.0,93.28571428571429,0.8952508354846173,22,0.7857142857142857,1.6522281379716341,28,15,5600.0,5600,1.0,1
2019,MAD,2780.0,99.28571428571429,1.5007615772662048,22,0.7857142857142857,1.6522281379716341,28,16,5600.0,5600,1.0,1
2019,CSK,2489.0,88.89285714285714,0.4519304709659539,19,0.6785714285714286,1.0326425862322715,28,16,5650.0,5600,1.0089285714285714,1
2019,TEL,2384.0,85.14285714285714,0.07348625735246168,19,0.6785714285714286,1.0326425862322715,28,17,5625.0,5600,1.0044642857142858,1
2019,PAN,2608.0,93.14285714285714,0.880833913061245,14,0.5,0.0,28,14,5700.0,5600,1.0178571428571428,1
2019,KHI,2520.0,90.0,0.5636616197470806,13,0.4642857142857143,-0.20652851724645419,28,17,5625.0,5600,1.0044642857142858,1
2019,ULK,2262.0,80.78571428571429,-0.3662298765603568,13,0.4642857142857143,-0.20652851724645419,28,16,5569.566666666667,5600,0.9945654761904762,1
2019,BAS,2062.0,73.64285714285714,-1.0870759977289144,12,0.42857142857142855,-0.41305703449290865,28,16,5600.0,5600,1.0,1
2019,MIL,2241.0,80.03571428571429,-0.44191871928305526,12,0.42857142857142855,-0.41305703449290865,28,17,5650.0,5600,1.0089285714285714,1
2019,OLY,2435.0,86.96428571428571,0.2573020182504434,12,0.42857142857142855,-0.41305703449290865,28,20,5472.833333333333,5600,0.9772916666666666,1
2019,PAM,2498.0,89.21428571428571,0.4843685464185387,12,0.42857142857142855,-0.41305703449290865,28,16,5650.0,5600,1.0089285714285714,1
2019,ZAL,2369.0,84.60714285714286,0.01942279826482076,12,0.42857142857142855,-0.41305703449290865,28,16,5700.0,5600,1.0178571428571428,1
2019,RED,1730.0,61.785714285714285,-2.283680558868718,11,0.39285714285714285,-0.6195855517393628,28,18,5112.333333333333,5600,0.9129166666666666,1
2019,ASV,1978.0,70.64285714285714,-1.3898313686197081,10,0.35714285714285715,-0.8261140689858171,28,16,5625.0,5600,1.0044642857142858,1
2019,BER,2488.0,88.85714285714286,0.4483262403601119,9,0.32142857142857145,-1.0326425862322712,28,17,5750.0,5600,1.0267857142857142,1
2019,DYR,2206.0,78.78571428571429,-0.5680667904875526,8,0.2857142857142857,-1.2391711034787256,28,16,5675.0,5600,1.0133928571428572,1
2019,MUN,2049.0,73.17857142857143,-1.13393099560487,8,0.2857142857142857,-1.2391711034787256,28,17,5625.0,5600,1.0044642857142858,1
2020,BAR,2965.0,87.20588235294117,0.3617227052067797,24,0.7058823529411765,1.3389110974330105,34,17,6688.9,6800,0.9836617647058823,0
2020,CSK,3092.0,90.94117647058823,1.0258978892250168,24,0.7058823529411765,1.3389110974330105,34,17,6925.0,6800,1.0183823529411764,0
2020,IST,3254.0,95.70588235294117,1.8731134782876502,22,0.6470588235294118,0.9563650695950076,34,16,6825.0,6800,1.0036764705882353,0
2020,MIL,2944.0,86.58823529411765,0.2518984621801434,21,0.6176470588235294,0.765092055676006,34,16,6900.0,6800,1.0147058823529411,0
2020,MUN,2765.0,81.32352941176471,-0.6842224664754823,21,0.6176470588235294,0.765092055676006,34,18,6875.066666666667,6800,1.0110392156862744,0
2020,DYR,2941.0,86.5,0.23620928460490853,20,0.5882352941176471,0.5738190417570045,34,16,6800.0,6800,1.0,0
2020,MAD,3060.0,90.0,0.8585466617558551,20,0.5882352941176471,0.5738190417570045,34,16,6900.0,6800,1.0147058823529411,0
2020,ULK,2879.0,84.67647058823529,-0.08803371861659381,20,0.5882352941176471,0.5738190417570045,34,17,6711.483333333334,6800,0.9869828431372549,0
2020,PAM,3075.0,90.44117647058823,0.9369925496320244,19,0.5588235294117647,0.382546027838003,34,16,6850.0,6800,1.0073529411764706,0
2020,BAS,3183.0,93.61764705882354,1.5018029423404482,18,0.5294117647058824,0.1912730139190015,34,12,6825.0,6800,1.0036764705882353,0
2020,ZAL,2873.0,84.5,-0.11941207376706096,17,0.5,0.0,34,15,6800.0,6800,1.0,0
2020,OLY,2816.0,82.82352941176471,-0.41750644769650525,16,0.47058823529411764,-0.1912730139190015,34,16,6875.0,6800,1.0110294117647058,0
2020,TEL,2771.0,81.5,-0.6528441113250152,14,0.4117647058823529,-0.5738190417570045,34,17,6900.0,6800,1.0147058823529411,0
2020,ASV,2687.0,79.02941176470588,-1.0921410834315655,13,0.38235294117647056,-0.765092055676006,34,16,6850.0,6800,1.0073529411764706,0
2020,BER,2863.0,84.20588235294117,-0.17170933235117458,12,0.35294117647058826,-0.9563650695950072,34,16,6850.0,6800,1.0073529411764706,0
2020,PAN,2862.0,84.17647058823529,-0.1769390582095862,11,0.3235294117647059,-1.1476380835140088,34,17,6900.0,6800,1.0147058823529411,0
2020,RED,2469.0,72.61764705882354,-2.2322213205652317,10,0.29411764705882354,-1.3389110974330103,34,18,6850.0,6800,1.0073529411764706,0
2020,KHI,2626.0,77.23529411764706,-1.4111543607946562,4,0.11764705882352941,-2.486549180947019,34,20,6850.0,6800,1.0073529411764706,0
2022,OLY,3411.0,100.32352941176471,1.7602864891600742,24,0.7058823529411765,1.5127022695906098,34,15,6800.0,6800,1.0,0
2022,BAR,3047.0,89.61764705882354,0.46556297355872683,23,0.6764705882352942,1.2999785129294301,34,15,6850.0,6800,1.0073529411764706,0
2022,MAD,3388.0,99.6470588235294,1.6784770362511967,23,0.6764705882352942,1.2999785129294301,34,16,6875.0,6800,1.0110294117647058,0
2022,MCO,3047.0,89.61764705882354,0.46556297355872683,21,0.6176470588235294,0.8745309996070713,34,13,6875.0,6800,1.0110294117647058,0
2022,PAR,3114.0,91.58823529411765,0.7038774668150186,20,0.5882352941176471,0.6618072429458917,34,16,6850.0,6800,1.0073529411764706,0
2022,TEL,3012.0,88.58823529411765,0.3410703278278278,20,0.5882352941176471,0.6618072429458917,34,15,6825.0,6800,1.0036764705882353,0
2022,ULK,3020.0,88.82352941176471,0.36952578970917604,19,0.5588235294117647,0.44908348628471223,34,18,6875.0,6800,1.0110294117647058,0
2022,ZAL,2446.0,71.94117647058823,-1.6721536002775654,19,0.5588235294117647,0.44908348628471223,34,16,6272.233333333334,6800,0.9223872549019608,0
2022,BAS,3240.0,95.29411764705883,1.152050991446254,18,0.5294117647058824,0.2363597296235327,34,14,6850.0,6800,1.0073529411764706,0
2022,IST,3109.0,91.44117647058823,0.686092803139175,17,0.5,0.02363597296235319,34,16,6564.833333333333,6800,0.9654166666666666,0
2022,RED,2702.0,79.47058823529412,-0.7615788200744196,17,0.5,0.02363597296235319,34,18,6875.0,6800,1.0110294117647058,0
2022,MIL,2669.0,78.5,-0.8789576003349812,15,0.4411764705882353,-0.4018115403600058,34,17,6850.0,6800,1.0073529411764706,0
2022,PAM,2765.0,81.32352941176471,-0.537492057758801,15,0.4411764705882353,-0.4018115403600058,34,19,6850.0,6800,1.0073529411764706,0
2022,VIR,2835.0,83.38235294117646,-0.2885067662970047,14,0.4117647058823529,-0.6145352970211854,34,16,6825.0,6800,1.0036764705882353,0
2022,BER,2927.0,86.08823529411765,0.03873104533850214,11,0.3235294117647059,-1.2527065670047235,34,17,6850.0,6800,1.0073529411764706,0
2022,MUN,2565.0,75.44117647058823,-1.2488786047925093,11,0.3235294117647059,-1.2527065670047235,34,18,6800.0,6800,1.0,0
2022,PAN,2728.0,80.23529411764706,-0.6690985689600375,9,0.2647058823529412,-1.6781540803270825,34,18,6900.0,6800,1.0147058823529411,0
2022,ASV,2465.0,72.5,-1.6045718783093628,8,0.23529411764705882,-1.890877836988262,34,16,6800.0,6800,1.0,0
2023,MAD,3533.0,103.91176470588235,2.3190232480606348,27,0.7941176470588235,1.8534061896456453,34,16,6950.0,6800,1.0220588235294117,0
2023,MCO,3037.0,89.32352941176471,0.40674472596907313,23,0.6764705882352942,1.1120437137873873,34,14,6825.0,6800,1.0036764705882353,0
2023,PAN,3084.0,90.70588235294117,0.5879485375382324,23,0.6764705882352942,1.1120437137873873,34,16,6875.0,6800,1.0110294117647058,0
2023,BAR,3124.0,91.88235294117646,0.7421645473843257,22,0.6470588235294118,0.9267030948228226,34,16,6800.0,6800,1.0,0
2023,OLY,3031.0,89.1470588235294,0.3836123244921577,22,0.6470588235294118,0.9267030948228226,34,16,6816.983333333334,6800,1.002497549019608,0
2023,TEL,3268.0,96.11764705882354,1.2973421828302651,20,0.5882352941176471,0.5560218568936933,34,14,6825.0,6800,1.0036764705882353,0
2023,ULK,3083.0,90.67647058823529,0.5840931372920799,20,0.5882352941176471,0.5560218568936933,34,16,6900.0,6800,1.0147058823529411,0
2023,BAS,3077.0,90.5,0.5609607358151664,18,0.5294117647058824,0.18534061896456397,34,15,6825.0,6800,1.0036764705882353,0
2023,IST,3111.0,91.5,0.692044344184346,17,0.5,-6.996160367473078e-16,34,17,6718.25,6800,0.9879779411764706,0
2023,VIR,2746.0,80.76470588235294,-0.7151767456612595,17,0.5,-6.996160367473078e-16,34,14,6454.733333333334,6800,0.9492254901960785,0
2023,PAR,2931.0,86.20588235294117,-0.0019277001230762819,16,0.47058823529411764,-0.18534061896456538,34,14,6748.616666666667,6800,0.9924436274509804,0
2023,MIL,2615.0,76.91176470588235,-1.2202341779072174,15,0.4411764705882353,-0.37068123792913005,34,16,6294.15,6800,0.9256102941176471,0
2023,PAM,2561.0,75.32352941176471,-1.428425791199443,14,0.4117647058823529,-0.5560218568936948,34,17,6621.616666666667,6800,0.9737671568627451,0
2023,ZAL,2683.0,78.91176470588235,-0.958066961168858,14,0.4117647058823529,-0.5560218568936948,34,16,6732.85,6800,0.990125,0
2023,MUN,2772.0,81.52941176470588,-0.6149363392612985,13,0.38235294117647056,-0.7413624758582594,34,16,6805.466666666666,6800,1.0008039215686273,0
2023,RED,2788.0,82.0,-0.5532499353228613,11,0.3235294117647059,-1.1120437137873884,34,17,6465.033333333333,6800,0.9507401960784313,0
2023,ASV,2824.0,83.05882352941177,-0.4144555264613764,9,0.2647058823529412,-1.4827249517165177,34,15,6850.0,6800,1.0073529411764706,0
2023,BER,2499.0,73.5,-1.6674606064608888,5,0.14705882352941177,-2.224087427574776,34,15,6555.183333333333,6800,0.9639975490196079,0
2024,OLY,3355.0,98.67647058823529,1.2117152562681435,24,0.7058823529411765,1.4222994691050517,34,15,6645.883333333333,6800,0.9773357843137255,0
2024,ULK,2991.0,87.97058823529412,0.03641424086194437,23,0.6764705882352942,1.2191138306614726,34,19,6800.0,6800,1.0,0
2024,PAN,3311.0,97.38235294117646,1.0696459027575036,22,0.6470588235294118,1.0159281922178938,34,16,6519.133333333333,6800,0.9586960784313725,0
2024,MCO,2980.0,87.6470588235294,0.0008969024842840445,21,0.6176470588235294,0.8127425537743149,34,15,6265.466666666666,6800,0.921392156862745,0
2024,BAR,3324.0,97.76470588235294,1.1116209390220115,20,0.5882352941176471,0.609556915330736,34,16,6875.0,6800,1.0110294117647058,0
2024,IST,3375.0,99.26470588235294,1.2762922351366164,20,0.5882352941176471,0.609556915330736,34,16,6825.0,6800,1.0036764705882353,0
2024,MAD,3204.0,94.23529411764706,0.7241590658111765,20,0.5882352941176471,0.609556915330736,34,17,6850.0,6800,1.0073529411764706,0
2024,MUN,3078.0,90.52941176470588,0.31732409893980007,19,0.5588235294117647,0.4063712768871571,34,16,6800.0,6800,1.0,0
2024,PRS,2956.0,86.94117647058823,-0.07659547215788266,19,0.5588235294117647,0.4063712768871571,34,15,6800.0,6800,1.0,0
2024,RED,2576.0,75.76470588235294,-1.3035580706588596,18,0.5294117647058824,0.20318563844357815,34,15,6337.433333333333,6800,0.9319754901960784,0
2024,MIL,3200.0,94.11764705882354,0.7112436700374828,17,0.5,-7.669766718489603e-16,34,17,6787.05,6800,0.9980955882352941,0
2024,PAR,3010.0,88.52941176470588,0.09776237078699361,16,0.47058823529411764,-0.20318563844357967,34,15,6800.0,6800,1.0,0
2024,ZAL,2583.0,75.97058823529412,-1.2809561280548944,15,0.4411764705882353,-0.4063712768871586,34,17,6825.0,6800,1.0036764705882353,0
2024,BAS,3061.0,90.02941176470588,0.2624336669015985,14,0.4117647058823529,-0.6095569153307375,34,15,6825.0,6800,1.0036764705882353,0
2024,ASV,2850.0,83.82352941176471,-0.41885346016078606,13,0.38235294117647056,-0.8127425537743164,34,17,6825.0,6800,1.0036764705882353,0
2024,TEL,2783.0,81.8529411764706,-0.6351863393701687,11,0.3235294117647059,-1.219113830661474,34,15,6164.033333333333,6800,0.9064754901960783,0
2024,VIR,2850.0,83.82352941176471,-0.41885346016078606,9,0.2647058823529412,-1.6254851075486316,34,15,6825.0,6800,1.0036764705882353,0
2024,BER,2148.0,63.1764705882353,-2.6855054184441705,5,0.14705882352941177,-2.438227661322947,34,18,6108.816666666667,6800,0.8983553921568628,0
2025,OLY,3817.0,100.44736842105263,1.0128986300959153,26,0.6842105263157895,1.4627843283500053,38,17,6971.05,7600,0.9172434210526316,0
2025,PAM,3782.0,99.52631578947368,0.9225073703984218,25,0.6578947368421053,1.253815138585719,38,16,7646.066666666667,7600,1.0060614035087718,0
2025,MAD,3807.0,100.1842105263158,0.9870725558966321,24,0.631578947368421,1.044845948821432,38,16,7547.916666666667,7600,0.9931469298245614,0
2025,ULK,3027.0,79.65789473684211,-1.027361231647516,24,0.631578947368421,1.044845948821432,38,16,7378.566666666667,7600,0.9708640350877192,0
2025,HTA,3635.0,95.65789473684211,0.5428640796689481,23,0.6052631578947368,0.8358767590571456,38,17,7650.0,7600,1.006578947368421,0
2025,ZAL,3677.0,96.76315789473684,0.6513335913059396,23,0.6052631578947368,0.8358767590571456,38,14,7650.0,7600,1.006578947368421,0
2025,MCO,3917.0,103.07894736842105,1.2711593720887553,22,0.5789473684210527,0.6269075692928595,38,13,7650.0,7600,1.006578947368421,0
2025,PAN,3677.0,96.76315789473684,0.6513335913059396,22,0.5789473684210527,0.6269075692928595,38,18,7600.0,7600,1.0,0
2025,BAR,3461.0,91.07894736842105,0.09349038860140721,21,0.5526315789473685,0.41793837952857327,38,16,7700.0,7600,1.013157894736842,0
2025,RED,3580.0,94.21052631578948,0.40082067157288653,21,0.5526315789473685,0.41793837952857327,38,18,7675.0,7600,1.0098684210526316,0
2025,DUB,3524.0,92.73684210526316,0.2561946560568965,19,0.5,0.0,38,18,7509.966666666667,7600,0.9881535087719299,0
2025,TEL,3663.0,96.39473684210526,0.6151770874269424,18,0.47368421052631576,-0.20896918976428663,38,16,7675.0,7600,1.0098684210526316,0
2025,MIL,3539.0,93.13157894736842,0.29493376735582216,17,0.4473684210526316,-0.4179383795285728,38,17,7568.466666666666,7600,0.9958508771929824,0
2025,MUN,3153.0,82.97368421052632,-0.7019526967365387,17,0.4473684210526316,-0.4179383795285728,38,16,7625.0,7600,1.0032894736842106,0
2025,PAR,2402.0,63.21052631578947,-2.641490869102763,16,0.42105263157894735,-0.6269075692928595,38,16,6045.566666666667,7600,0.7954692982456141,0
2025,PRS,3397.0,89.39473684210526,-0.07179648627401058,15,0.39473684210526316,-0.8358767590571456,38,16,7600.0,7600,1.0,0
2025,VIR,3266.0,85.94736842105263,-0.41011805828463016,14,0.3684210526315789,-1.0448459488214323,38,16,7600.0,7600,1.0,0
2025,BAS,3514.0,92.47368421052632,0.23036858185761183,13,0.34210526315789475,-1.2538151385857186,38,19,7700.0,7600,1.013157894736842,0
2025,IST,2952.0,77.6842105263158,-1.2210567881421455,12,0.3157894736842105,-1.4627843283500053,38,16,7397.333333333333,7600,0.9733333333333333,0
2025,ASV,2706.0,71.21052631578948,-1.8563782134445306,8,0.21052631578947367,-2.298661087407151,38,15,7381.549999999999,7600,0.9712565789473683,0
