season,club,side,n,flat,w_real,alloc_term_real,w_alloc,alloc_term_alloc
2024,ASV,club,16,18.31938364965044,20.1216488705594,1.8022652209089607,21.980335286011904,3.660951636361464
2024,ASV,engine,12,19.288438748396597,22.01770329037736,2.7292645419807613,23.118254475713883,3.8298157273172855
2024,BAR,club,16,19.88085787272635,20.061742567533635,0.1808846948072862,22.285673064771064,2.4048151920447154
2024,BAR,engine,12,18.851706415711785,21.843083748668516,2.9913773329567306,23.192833761079402,4.341127345367617
2024,BAS,club,15,21.391519527305206,19.996146424569098,-1.3953731027361087,19.001116178876956,-2.3904033484282508
2024,BAS,engine,12,18.362404867210746,20.86100841238472,2.4986035451739745,22.68619089625977,4.323786029049025
2024,BER,club,20,18.237963577952392,19.971745389873888,1.7337818119214958,21.30805615601218,3.070092578059789
2024,BER,engine,12,18.201167221402418,20.363317274997485,2.1621500535950666,21.919411904420294,3.7182446830178755
2024,IST,club,16,19.294964988080913,19.99487976059689,0.699914772515978,20.393182136643773,1.0982171485628598
2024,IST,engine,12,20.260309421939777,23.290532827137348,3.030223405197571,24.449819367541224,4.189509945601447
2024,MAD,club,16,21.954511257928125,19.80775946698234,-2.1467517909457854,21.404246677519883,-0.5502645804082427
2024,MAD,engine,12,19.774418874524038,22.708723551907905,2.9343046773838672,24.049060286874315,4.274641412350277
2024,MCO,club,15,18.92472380560886,20.1920652783438,1.267341472734941,21.193271671125515,2.2685478655166555
2024,MCO,engine,12,18.713551798661193,21.497520131070047,2.783968332408854,23.46557395242209,4.7520221537608975
2024,MIL,club,18,20.904638697054818,20.03467491785258,-0.8699637792022372,21.890449084904944,0.9858103878501261
2024,MIL,engine,12,19.96019482315455,22.8728452467043,2.912650423549753,24.40894131802865,4.448746494874101
2024,MUN,club,16,19.139126907023154,19.98894014330119,0.8498132362780346,20.747320341057012,1.6081934340338577
2024,MUN,engine,12,18.351487528759474,21.01039514417947,2.658907615419995,22.53604275528713,4.184555226527657
2024,OLY,club,17,18.428387375348713,20.979291798826193,2.55090442347748,21.171338681010152,2.742951305661439
2024,OLY,engine,12,20.159088353710487,23.420928493591216,3.2618401398807286,24.819165269204934,4.660076915494447
2024,PAN,club,16,18.716699340865,20.125141256120617,1.4084419152556187,21.32569195559004,2.608992614725043
2024,PAN,engine,12,20.020933736659895,22.941267756629166,2.920334019969271,24.40026967796021,4.379335941300315
2024,PAR,club,15,18.491325659792505,19.97879722456269,1.4874715647701855,21.74388837844285,3.2525627186503456
2024,PAR,engine,12,18.351487528759474,21.01039514417947,2.658907615419995,22.53604275528713,4.184555226527657
2024,PRS,club,15,17.052608873803052,20.014114992703895,2.961506118900843,23.522844951902457,6.470236078099404
2024,PRS,engine,12,18.443908811782055,20.65327801249841,2.209369200716356,22.572017322520196,4.128108510738141
2024,RED,club,14,19.820742294842656,20.33413068568865,0.5133883908459929,21.551612012058644,1.7308697172159881
2024,RED,engine,12,19.68163074435137,22.639777761731573,2.9581470173802025,24.788914506695132,5.107283762343762
2024,TEL,club,19,19.090136140323125,20.266835615634086,1.1766994753109614,21.646663048605053,2.5565269082819277
2024,TEL,engine,12,19.438658356620795,22.39372642159212,2.955068064971325,23.65652807427161,4.217869717650814
2024,ULK,club,18,19.11994949287646,19.946332948099776,0.8263834552233149,20.26340030260302,1.1434508097265592
2024,ULK,engine,12,20.662462834258246,23.340106992368646,2.6776441581104002,25.02410676019245,4.361643925934203
2024,VIR,club,14,18.806622396420106,19.65795702711594,0.8513346306958347,21.251255116055802,2.4446327196356954
2024,VIR,engine,12,20.525664904407613,23.592374648991097,3.066709744583484,24.877859084061527,4.352194179653914
2024,ZAL,club,17,20.418182813802932,19.988270485471872,-0.42991232833105997,24.053783667697406,3.6356008538944735
2024,ZAL,engine,12,18.97189607187404,22.070409014466193,3.098512942592155,22.92235600034288,3.9504599284688418
2025,ASV,club,15,20.223110595466505,19.612226425361538,-0.610884170104967,20.313258507891774,0.09014791242526954
2025,ASV,engine,12,22.033230842708296,22.32769618888216,0.2944653461738653,22.618241376071822,0.5850105333635263
2025,BAR,club,16,21.191412048104937,19.987475087736705,-1.2039369603682317,20.88680363678718,-0.30460841131775496
2025,BAR,engine,12,19.95904299025323,21.07972418479003,1.1206811945368003,22.565014046875696,2.605971056622465
2025,BAS,club,19,20.331978080880663,19.99407720008086,-0.33790088079980407,22.495945663557603,2.163967582676939
2025,BAS,engine,12,22.164652513700535,22.124401046122323,-0.040251467578212186,23.26927784538107,1.1046253316805341
2025,DUB,club,19,19.898548822948914,20.011435594177172,0.11288677122825774,22.5933708700349,2.694822047085985
2025,DUB,engine,12,22.233134255107398,22.126859720872954,-0.10627453423444422,22.87864791751015,0.6455136624027524
2025,HTA,club,17,18.44690550610641,19.98836286829467,1.5414573621882575,23.00492999615455,4.55802449004814
2025,HTA,engine,12,19.877715931641337,21.429362914000325,1.5516469823589887,22.512034738870838,2.6343188072295014
2025,IST,club,17,19.63845762529795,19.831219057747784,0.192761432449835,19.007362649463655,-0.6310949758342943
2025,IST,engine,12,20.41753567663689,22.361003447287636,1.943467770650745,23.39020851444031,2.972672837803419
2025,MAD,club,16,17.224192033303357,20.12037459829351,2.896182564990152,22.67068498910242,5.446492955799062
2025,MAD,engine,12,19.877715931641337,21.429362914000325,1.5516469823589887,22.512034738870838,2.6343188072295014
2025,MCO,club,13,20.365584450047244,19.989370379657036,-0.3762140703902084,21.078217849131537,0.712633399084293
2025,MCO,engine,12,20.528951245445374,22.503275607661994,1.9743243622166204,23.55055758351926,3.0216063380738873
2025,MIL,club,18,17.56213394561218,19.98949532178584,2.427361376173657,21.901149953513368,4.339016007901186
2025,MIL,engine,12,20.715149475347364,21.376990568067416,0.6618410927200529,23.278561932560628,2.563412457213264
2025,MUN,club,16,19.41375999624057,20.00870748782509,0.5949474915845201,20.00484429490413,0.59108429866356
2025,MUN,engine,12,20.11055670234546,21.52249793038908,1.41194122804362,23.022627714991874,2.9120710126464147
2025,OLY,club,20,16.511444905618664,20.100336258656498,3.588891353037834,20.287469066659156,3.7760241610404925
2025,OLY,engine,12,20.4583016165566,22.364631065776887,1.9063294492202871,23.527509604679416,3.069207988122816
2025,PAM,club,17,18.760846256244395,20.000214402169853,1.2393681459254573,21.27678923009686,2.5159429738524643
2025,PAM,engine,12,20.649112056318668,23.37611128332995,2.7269992270112837,24.39248397455875,3.743371918240083
2025,PAN,club,18,18.595598066047437,19.991292436657066,1.395694370609629,21.438758714887722,2.8431606488402856
2025,PAN,engine,12,18.91175134810593,21.004255577779272,2.0925042296733416,23.07854485081878,4.166793502712849
2025,PAR,club,20,16.973183019445415,19.930574591167744,2.9573915717223294,21.294918976325228,4.321735956879813
2025,PAR,engine,12,19.215260237883403,20.210221368516915,0.9949611306335129,21.126988399141144,1.9117281612577415
2025,PRS,club,16,17.976089469753422,20.03026833671925,2.0541788669658274,22.696414470992227,4.720325001238805
2025,PRS,engine,12,19.743854804855598,21.14450592627166,1.400651121416061,22.54853964214252,2.8046848372869206
2025,RED,club,17,17.92902489063145,19.95060386180006,2.021578971168612,21.694316758965087,3.7652918683336374
2025,RED,engine,12,18.689446958623076,19.073333521389742,0.38388656276666566,20.303398757520757,1.6139517988976806
2025,TEL,club,16,19.183270292163222,20.00905993492787,0.8257896427646472,21.936165073070853,2.7528947809076314
2025,TEL,engine,12,22.09767612839215,22.548551158173375,0.4508750297812263,23.469343287327277,1.3716671589351286
2025,ULK,club,17,19.309338909936308,20.2462813031606,0.9369423932242924,22.59116796709256,3.2818290571562514
2025,ULK,engine,12,21.557512175828318,21.388780330363677,-0.1687318454646416,21.937808725996597,0.38029655016827846
2025,VIR,club,16,17.864639036870802,20.01413714774558,2.1494981108747773,22.57673646260674,4.712097425735937
2025,VIR,engine,12,18.73127116476716,18.939147019620428,0.20787585485326687,19.91146949881405,1.1801983340468887
2025,ZAL,club,14,18.59598255600473,19.996636992788435,1.4006544367837037,21.214562725549598,2.6185801695448667
2025,ZAL,engine,12,20.68707418138908,22.662056671008838,1.9749824896197588,23.558872202707885,2.8717980213188063
