Gamecode,Phase
E2025_1,RS
E2025_2,RS
E2025_3,RS
E2025_4,RS
E2025_5,RS
E2025_6,RS
E2025_7,RS
E2025_8,RS
E2025_9,RS
E2025_10,RS
E2025_11,RS
E2025_12,RS
E2025_13,RS
E2025_14,RS
E2025_15,RS
E2025_16,RS
E2025_17,RS
E2025_18,RS
E2025_19,RS
E2025_20,RS
E2025_21,RS
E2025_22,RS
E2025_23,RS
E2025_24,RS
E2025_25,RS
E2025_26,RS
E2025_27,RS
E2025_28,RS
E2025_29,RS
E2025_30,RS
E2025_31,RS
E2025_32,RS
E2025_33,RS
E2025_34,RS
E2025_35,RS
E2025_36,RS
E2025_37,RS
E2025_38,RS
E2025_39,RS
E2025_40,RS
E2025_41,RS
E2025_42,RS
E2025_43,RS
E2025_44,RS
E2025_45,RS
E2025_46,RS
E2025_47,RS
E2025_48,RS
E2025_49,RS
E2025_50,RS
E2025_51,RS
E2025_52,RS
E2025_53,RS
E2025_54,RS
E2025_55,RS
E2025_56,RS
E2025_57,RS
E2025_58,RS
E2025_59,RS
E2025_60,RS
E2025_61,RS
E2025_62,RS
E2025_63,RS
E2025_64,RS
E2025_65,RS
E2025_66,RS
E2025_67,RS
E2025_68,RS
E2025_69,RS
E2025_70,RS
E2025_71,RS
E2025_72,RS
E2025_73,RS
E2025_74,RS
E2025_75,RS
E2025_76,RS
E2025_77,RS
E2025_78,RS
E2025_79,RS
E2025_80,RS
E2025_81,RS
E2025_82,RS
E2025_83,RS
E2025_84,RS
E2025_85,RS
E2025_86,RS
E2025_87,RS
E2025_88,RS
E2025_89,RS
E2025_90,RS
E2025_91,RS
E2025_92,RS
E2025_93,RS
E2025_94,RS
E2025_95,RS
E2025_96,RS
E2025_97,RS
E2025_98,RS
E2025_99,RS
E2025_100,RS
E2025_101,RS
E2025_102,RS
E2025_103,RS
E2025_104,RS
E2025_105,RS
E2025_106,RS
E2025_107,RS
E2025_108,RS
E2025_109,RS
E2025_110,RS
E2025_111,RS
E2025_112,RS
E2025_113,RS
E2025_114,RS
E2025_115,RS
E2025_116,RS
E2025_117,RS
E2025_118,RS
E2025_119,RS
E2025_120,RS
E2025_121,RS
E2025_122,RS
E2025_123,RS
E2025_124,RS
E2025_125,RS
E2025_126,RS
E2025_127,RS
E2025_128,RS
E2025_129,RS
E2025_130,RS
E2025_131,RS
E2025_132,RS
E2025_133,RS
E2025_134,RS
E2025_135,RS
E2025_136,RS
E2025_137,RS
E2025_138,RS
E2025_139,RS
E2025_140,RS
E2025_141,RS
E2025_142,RS
E2025_143,RS
E2025_144,RS
E2025_145,RS
E2025_146,RS
E2025_147,RS
E2025_148,RS
E2025_149,RS
E2025_150,RS
E2025_151,RS
E2025_152,RS
E2025_153,RS
E2025_154,RS
E2025_155,RS
E2025_156,RS
E2025_157,RS
E2025_158,RS
E2025_159,RS
E2025_160,RS
E2025_161,RS
E2025_162,RS
E2025_163,RS
E2025_164,RS
E2025_165,RS
E2025_166,RS
E2025_167,RS
E2025_168,RS
E2025_169,RS
E2025_170,RS
E2025_171,RS
E2025_172,RS
E2025_173,RS
E2025_174,RS
E2025_175,RS
E2025_176,RS
E2025_177,RS
E2025_178,RS
E2025_179,RS
E2025_180,RS
E2025_181,RS
E2025_182,RS
E2025_183,RS
E2025_184,RS
E2025_185,RS
E2025_186,RS
E2025_187,RS
E2025_188,RS
E2025_189,RS
E2025_190,RS
E2025_191,RS
E2025_192,RS
E2025_193,RS
E2025_194,RS
E2025_195,RS
E2025_196,RS
E2025_197,RS
E2025_198,RS
E2025_199,RS
E2025_200,RS
E2025_201,RS
E2025_202,RS
E2025_203,RS
E2025_204,RS
E2025_205,RS
E2025_206,RS
E2025_207,RS
E2025_208,RS
E2025_209,RS
E2025_210,RS
E2025_211,RS
E2025_212,RS
E2025_213,RS
E2025_214,RS
E2025_215,RS
E2025_216,RS
E2025_217,RS
E2025_218,RS
E2025_219,RS
E2025_220,RS
E2025_221,RS
E2025_222,RS
E2025_223,RS
E2025_224,RS
E2025_225,RS
E2025_226,RS
E2025_227,RS
E2025_228,RS
E2025_229,RS
E2025_230,RS
E2025_231,RS
E2025_232,RS
E2025_233,RS
E2025_234,RS
E2025_235,RS
E2025_236,RS
E2025_237,RS
E2025_238,RS
E2025_239,RS
E2025_240,RS
E2025_241,RS
E2025_242,RS
E2025_243,RS
E2025_244,RS
E2025_245,RS
E2025_246,RS
E2025_247,RS
E2025_248,RS
E2025_249,RS
E2025_250,RS
E2025_251,RS
E2025_252,RS
E2025_253,RS
E2025_254,RS
E2025_255,RS
E2025_256,RS
E2025_257,RS
E2025_258,RS
E2025_259,RS
E2025_260,RS
E2025_261,RS
E2025_262,RS
E2025_263,RS
E2025_264,RS
E2025_265,RS
E2025_266,RS
E2025_267,RS
E2025_268,RS
E2025_269,RS
E2025_270,RS
E2025_271,RS
E2025_272,RS
E2025_273,RS
E2025_274,RS
E2025_275,RS
E2025_276,RS
E2025_277,RS
E2025_278,RS
E2025_279,RS
E2025_280,RS
E2025_281,RS
E2025_282,RS
E2025_283,RS
E2025_284,RS
E2025_285,RS
E2025_286,RS
E2025_287,RS
E2025_288,RS
E2025_289,RS
E2025_290,RS
E2025_291,RS
E2025_292,RS
E2025_293,RS
E2025_294,RS
E2025_295,RS
E2025_296,RS
E2025_297,RS
E2025_298,RS
E2025_299,RS
E2025_300,RS
E2025_301,RS
E2025_302,RS
E2025_303,RS
E2025_304,RS
E2025_305,RS
E2025_306,RS
E2025_307,RS
E2025_308,RS
E2025_309,RS
E2025_310,RS
E2025_311,RS
E2025_312,RS
E2025_313,RS
E2025_314,RS
E2025_315,RS
E2025_316,RS
E2025_317,RS
E2025_318,RS
E2025_319,RS
E2025_320,RS
E2025_321,RS
E2025_322,RS
E2025_323,RS
E2025_324,RS
E2025_325,RS
E2025_326,RS
E2025_327,RS
E2025_328,RS
E2025_329,RS
E2025_330,RS
E2025_331,RS
E2025_332,RS
E2025_333,RS
E2025_334,RS
E2025_335,RS
E2025_336,RS
E2025_337,RS
E2025_338,RS
E2025_339,RS
E2025_340,RS
E2025_341,RS
E2025_342,RS
E2025_343,RS
E2025_344,RS
E2025_345,RS
E2025_346,RS
E2025_347,RS
E2025_348,RS
E2025_349,RS
E2025_350,RS
E2025_351,RS
E2025_352,RS
E2025_353,RS
E2025_354,RS
E2025_355,RS
E2025_356,RS
E2025_357,RS
E2025_358,RS
E2025_359,RS
E2025_360,RS
E2025_361,RS
E2025_362,RS
E2025_363,RS
E2025_364,RS
E2025_365,RS
E2025_366,RS
E2025_367,RS
E2025_368,RS
E2025_369,RS
E2025_370,RS
E2025_371,RS
E2025_372,RS
E2025_373,RS
E2025_374,RS
E2025_375,RS
E2025_376,RS
E2025_377,RS
E2025_378,RS
E2025_379,RS
E2025_380,RS
E2025_381,PI
E2025_382,PI
E2025_383,PI
E2025_384,PO
E2025_385,PO
E2025_386,PO
E2025_387,PO
E2025_388,PO
E2025_389,PO
E2025_390,PO
E2025_391,PO
E2025_392,PO
E2025_393,PO
E2025_394,PO
E2025_395,PO
E2025_397,PO
E2025_398,PO
E2025_399,PO
E2025_403,PO
E2025_404,FF
E2025_405,FF
E2025_406,FF
